filename,title,used_for,licence,in_repository,kind,url,zip_member,check_phrase,sha256,text_sha256,retrieved,status,doi_or_landing
maroto_molina_2020.pdf,"Maroto Molina et al. 2020, Welfare Quality® for dairy cows: towards a sensor-based assessment, Journal of Dairy Research 87(S1) 28 to 33","Column 2: which technology could measure each Welfare Quality measure (maroto_molina_technology and maroto_molina_rating in indicators.csv; the rating is copied into sensor_coverage.csv), and the evidence for indicators that no product measures.",CC BY 4.0,no,binary_stamped,https://www.cambridge.org/core/services/aop-cambridge-core/content/view/77A030621073F6601CC76F8A66487FAD/S002202992000045Xa.pdf/welfare_quality_for_dairy_cows_towards_a_sensorbased_assessment.pdf,,,645de8849a6b47a5b5923012ed6a2782ad56ec964953e1e20f60092ce6a7cf9f,bb59a433b1737a88cb77bfa5c527337d58e371156fbabb541e71b65892994d33,2026-09-16,ok,https://doi.org/10.1017/S002202992000045X
stygar_2021.pdf,"Stygar et al. 2021, A Systematic Review on Commercially Available and Validated Sensor Technologies for Welfare Assessment of Dairy Cattle, Frontiers in Veterinary Science 8:634338","Column 2: which products were tested by outside studies and on which trait (Table 1 page 6, Table 2 page 7), recorded in sensor_coverage.csv.",CC BY 4.0,yes,binary,https://www.frontiersin.org/articles/10.3389/fvets.2021.634338/pdf,,,30d57d1c6a3951bb94825b1bb3bd14a9bb997be9c1ce8e8c5339da95b34ce739,,2026-09-16,ok,https://doi.org/10.3389/fvets.2021.634338
stygar_2021_supplementary.xlsx,"Stygar et al. 2021, supplementary Data Sheet 1: Appendix table 1 (the 129 products) and Appendix table 2 (the validation studies)","Column 2: the 129 products and their stated aims, the basis of products.csv and of the vendors_naming_it counts in sensor_coverage.csv, which count_vendors.py recomputes.","CC BY 4.0, from the article (the file itself states none)",yes,binary,https://www.ebi.ac.uk/europepmc/webservices/rest/PMC8044875/supplementaryFiles,Data_Sheet_1.xlsx,,7db18e0929d260fb7ac0759c5363d314a70d26a796f7e3830b51120632dd7656,,2026-09-16,ok,https://www.frontiersin.org/articles/10.3389/fvets.2021.634338/full#supplementary-material
efsa_2023_dairy_cows.pdf,"EFSA AHAW Panel 2023, Welfare of dairy cows, EFSA Journal 21(5):7993",Column 1: the EFSA animal based measures that make up part of the indicator list in indicators.csv.,"CC BY-ND 4.0, except six third party figures",no,binary,https://www.mapa.gob.es/dam/mapa/contenido/ganaderia/temas/produccion-y-mercados-ganaderos/bienestar-animal/en-la-granja/vacuno/efsa---welfare-of-dairy-cows.pdf,,,13368dcfd7fbe6ec916e7def2ed7cc1fa66d5788c770f2fd465ce2f617a64950,,2026-09-16,ok,https://doi.org/10.2903/j.efsa.2023.7993
welfare_quality_dairy.pdf,"Welfare Quality Network 2024, Welfare Quality assessment protocol for dairy cows, version 3.2",Column 1: the Welfare Quality measures that make up part of the indicator list in indicators.csv.,No licence stated,no,binary,https://www.welfarequalitynetwork.net/media/1319/dairy-cattle-protocol.pdf,,,49c9dc0749c954e2211d7ec7b369a78786f76da0dedd8baaaebf175367c64bc2,,2026-09-16,ok,https://www.welfarequalitynetwork.net/en-us/reports/assessment-protocols/
icar_validated_sensors.html,"ICAR, ICAR Validated Sensor Systems, web page saved 16 September 2026","Column 2: the three systems ICAR has validated, products P018 to P020 in products.csv.","© ICAR, no licence stated",no,text,https://www.icar.org/icar-validated-sensor-systems/,,Panazoo,7a9a95159db32290a1ff311a8deac225a20c89ea0f8d54fed94e2f02910059ec,,2026-09-16,ok,https://www.icar.org/icar-validated-sensor-systems/
icar_ekomilk_report.pdf,"ACTALIA Cecalait 2025, Evaluation of the Ekomilk Horizon Unlimited Instrument (EHU) for the determination of Fat, Protein and Somatic cell in raw cow milk, evaluation report for ICAR","Column 2: ICAR's test report for product P018 in products.csv, a milk composition analyser.",No licence stated,no,binary,https://www.icar.org/wp-content/uploads/documents/Ekomilk-evaluation-report.pdf,,,9d43c3d90d8ea0f5262554a1282f47375c0a01db70655d27a0b291ce40019ec9,,2026-09-16,ok,https://www.icar.org/icar-validated-sensor-systems/
icar_brolis_report.pdf,"ICAR Measuring, Recording and Sampling Devices Sub-Committee 2025, Brolis BLH01 Validation Test Summary & Fact Sheet","Column 2: ICAR's test summary for product P019 in products.csv, a milk fat and protein sensor.",No licence stated,no,binary,https://www.icar.org/wp-content/uploads/documents/Brolis-BLH01-Validation-Test-Summary-Fact-Sheet-Final-Website.pdf,,,c3015c11b132e80d1593de1014c18094f10070ae3187bfc06cd7401c884998a5,,2026-09-16,ok,https://www.icar.org/icar-validated-sensor-systems/
icar_panazoo_report.pdf,"ICAR, Panazoo MMI Validation Test Fact Sheet: Validation of Yield Sensor System for Cows (no date on the document)","Column 2: ICAR's test summary for product P020 in products.csv, a milk yield sensor.",No licence stated,no,binary,https://www.icar.org/wp-content/uploads/documents/Panazoo_Report_website.pdf,,,89b580adb42820080c54b1837abf6b0a6f1bc6c09dde9b28739f52c8698d0c6e,,2026-09-16,ok,https://www.icar.org/icar-validated-sensor-systems/
rspca_dairy_standards_2026.pdf,"RSPCA 2026, RSPCA welfare standards for dairy cattle, April 2026","Column 3, not yet started: what RSPCA Assured requires and how it is checked; already quoted in the worked example in rules.md.",All rights reserved (RSPCA),no,binary,https://science.rspca.org.uk/documents/d/science/1856_dairy_cattle_welfare_standards_2026_web,,,bac4f7ff885dae568104caa3301e37d7be93fa6be39defff7b6dbba4e5084c33,,2026-09-16,ok,https://science.rspca.org.uk/sciencegroup/farmanimals/standards/dairycattle
rspca_dairy_justification_2026.pdf,"RSPCA 2026, Dairy cattle: RSPCA standards justification","Column 3, not yet started: the RSPCA's stated reasons for its requirements, for the notes in crosswalk.csv.",All rights reserved (RSPCA),no,binary,https://science.rspca.org.uk/documents/d/science/dairy-sjd-2026,,,2fdd542bef92a8551f765e53c8bd8a582f1c8192b35c0b3d0fa4487557ac29b1,,2026-09-16,ok,https://science.rspca.org.uk/sciencegroup/farmanimals/standards/dairycattle
farm_animal_care_v5.pdf,"National Dairy FARM Program, Animal Care Reference Manual Version 5, July 2024 to June 2027","Column 3, not yet started: what FARM requires, and the industry naming factor, since FARM is the dairy industry's own programme; already quoted in rules.md.","© National Dairy FARM Program, no licence stated",no,binary,https://nationaldairyfarm.com/wp-content/uploads/2024/09/FARM-14787-2023-Animal-Care-Standards-Reference-Manual.pdf,,,1e85b65fc994ce81910b13bf5184e7cc90d30a7ccdf58e4078890080a14dcb86,,2026-09-16,browser_only,https://nationaldairyfarm.com/dairy-farm-standards/animal-care/
gap_dairy_standard.pdf,"Global Animal Partnership 2026, 5-Step Animal Welfare Standards for Dairy Cattle v2.0, issued 1 June 2026","Column 3, not yet started: what Global Animal Partnership requires and how it is checked.",All rights reserved (Global Animal Partnership),no,binary,https://globalanimalpartnership.org/wp-content/uploads/2026/06/G.A.P.-5-Step-Standards-for-Dairy-Cattle-v2.0_-Website.pdf,,,0d0bcfcd53df5fd5ee0e8f7e3cedcd83866c6754eaceeabd313204877de8b18e,,2026-09-16,ok,https://globalanimalpartnership.org/standards/dairy-cattle/
certified_humane_dairy.pdf,"Humane Farm Animal Care 2023, Welfare Standards: Dairy Cattle, Edition 23 (Certified Humane)","Column 3, not yet started: what Certified Humane requires and how it is checked.",All rights reserved (Humane Farm Animal Care),no,binary,https://certifiedhumane.org/wp-content/uploads/DAIRY_CATTLE_STANDARDS.pdf,,,4c02dfd438610989cb4c7ac95cdc79e123969e4a6d30dce2ddcac8dae954910f,,2026-09-16,ok,https://certifiedhumane.org/our-standards/
wieck_2026_moral_catastrophe.md,"Wieck 2026, Factory Farming is a Moral Catastrophe. Let's Give it AI and See What Happens, The Piglet (Substack), 1 September 2026",Framing for the write up only; not a source for any cell.,No licence stated,no,text,https://thepiglet.substack.com/p/factory-farming-is-a-moral-catastrophe,,Moral Catastrophe,6d3d97ccecadb3179d72fbae819f663afa91f40d65dd25aaabe0dd425fc9240a,,2026-09-30,ok,https://thepiglet.substack.com/p/factory-farming-is-a-moral-catastrophe
