product_id,vendor,product,sensor_type,measures_claimed,species,country,stygar_listed,stygar_validation,icar_validated,source,marketing_url,manual_url,devdocs_url,patent_urls,comparator,notes
P001,Afimilk,AfiAct II,other,"Monitoring activity feeding, rumination, lying behaviour,  heat detection, rest, health and wellbing",dairy cattle,Israel,yes,external_independent,no,stygar,https://www.afimilk.com/cow-monitoring,,,,no,"Stygar Table 1 lists AfiAct Pedometer Plus, AfiTagII and Pedometer Plus together; refs 21 to 24 (Borchers 2016, Henriksen and Munksgaard 2019, Mattachini 2013, Swartz 2016) are all external independent validation. Leg mounted accelerometer, recorded as other because the schema has no leg tag value. Fields taken from the Stygar 2021 appendix table 1. The marketing URL is theirs and dates from 2021, not yet re-verified. Validation level from Stygar Table 1 and the study types in their supplementary Table 2."
P002,Afimilk,AfiCollar,collar_accelerometer,"Heat detection, rumination, health alerts",dairy cattle,Israel,yes,none,no,stygar,https://www.afimilk.com/cow-monitoring,,,,no,"No external validation study found by Stygar. Fields taken from the Stygar 2021 appendix table 1. The marketing URL is theirs and dates from 2021, not yet re-verified. Validation level from Stygar Table 1 and the study types in their supplementary Table 2."
P003,MSD Animal Health (Allflex),SenseHub Dairy,collar_accelerometer,"reproductive, health, nutritional and wellbeing status of individual cows and groups",dairy cattle,UK,yes,none,no,stygar,https://www.allflex.global/product/sensehub-dairy/,,,,no,"No external validation study found by Stygar. Stygar lists collar and ear versions. Allflex is now part of MSD Animal Health. Fields taken from the Stygar 2021 appendix table 1. The marketing URL is theirs and dates from 2021, not yet re-verified. Validation level from Stygar Table 1 and the study types in their supplementary Table 2."
P004,CowManager,CowManager SensOor,ear_tag,"Feeding (rumination) and activity behaviours - lying, heat detection, location monitor, health alerts",dairy cattle,Netherlands,yes,external_independent,no,stygar,https://www.cowmanager.com/en-us/,,,,no,"Refs 21, 39, 40, 41 are external independent validation; ref 17 (Bikker 2014) is external self validation. Fields taken from the Stygar 2021 appendix table 1. The marketing URL is theirs and dates from 2021, not yet re-verified. Validation level from Stygar Table 1 and the study types in their supplementary Table 2."
P005,Nedap,Nedap CowControl SmartTag Neck,collar_accelerometer,"Monitoring activity for heat detection and health, rumination and feeding times",dairy cattle,Netherlands,yes,none,no,stygar,https://www.nedap-livestockmanagement.com/dairy-farming/solutions/nedap-cowcontrol/,,,,no,"No external validation study found by Stygar. Fields taken from the Stygar 2021 appendix table 1. The marketing URL is theirs and dates from 2021, not yet re-verified. Validation level from Stygar Table 1 and the study types in their supplementary Table 2."
P006,Nedap,Nedap CowControl SmartTag Leg,other,Monitoring activity for heat detection and health,dairy cattle,Netherlands,yes,none,no,stygar,https://www.nedap-livestockmanagement.com/dairy-farming/solutions/nedap-cowcontrol/,,,,no,"No external validation study found by Stygar. Leg mounted accelerometer, recorded as other. Fields taken from the Stygar 2021 appendix table 1. The marketing URL is theirs and dates from 2021, not yet re-verified. Validation level from Stygar Table 1 and the study types in their supplementary Table 2."
P007,smaXtec,smaXtec premium,bolus,Measures activity and temperature in rumen,dairy cattle,Austria,yes,none,no,stygar,https://smaxtec.com/en/,,,,no,"No external validation study found by Stygar. Fields taken from the Stygar 2021 appendix table 1. The marketing URL is theirs and dates from 2021, not yet re-verified. Validation level from Stygar Table 1 and the study types in their supplementary Table 2."
P008,eCow,eBolus,bolus,"Measures activity, pH, and temperature in rumen",dairy cattle,UK,yes,external_independent,no,stygar,https://ecow.co.uk/,,,,no,"Refs 50 and 51 (Neubauer 2018, Falk 2016) are external independent validation. Stygar name it eCow Farmer bolus. Fields taken from the Stygar 2021 appendix table 1. The marketing URL is theirs and dates from 2021, not yet re-verified. Validation level from Stygar Table 1 and the study types in their supplementary Table 2."
P009,DeLaval,DeLaval Body Condition Scoring (BCS),camera,Automatic body condition scoring,dairy cattle,Sweden,yes,external_independent,no,stygar,http://www.delavalcorporate.com/our-products-and-services/farm-support/delaval-body-condition-scoring-bcs/,,,,no,"Ref 48 (Mullins 2019) is external independent validation. Fields taken from the Stygar 2021 appendix table 1. The marketing URL is theirs and dates from 2021, not yet re-verified. Validation level from Stygar Table 1 and the study types in their supplementary Table 2."
P010,Ever.Ag (Cainthus),Alus Nutrition,camera,"Monitors events like feed deliveries, push-ups & clean-outs (the farmer schedules it). Tracks accessibility of feed 24/7 and will highlight times when feed is inaccessible, allowing the farmer to adjust the feed management plan if necessary.",dairy cattle,Ireland,yes,none,no,stygar,https://www.cainthus.com/alus,,,,no,"No external validation study found by Stygar. Cainthus was acquired by Ever.Ag in 2022. Fields taken from the Stygar 2021 appendix table 1. The marketing URL is theirs and dates from 2021, not yet re-verified. Validation level from Stygar Table 1 and the study types in their supplementary Table 2."
P011,Lely,Lely Astronaut A4,milking_system,monitor and analyse the milk production performance,dairy cattle,Netherlands,yes,none,no,stygar,https://www.lely.com/solutions/milking/astronaut-a4/,,,,no,"No external validation study found by Stygar. The current generation is the Astronaut A5 Next, to check in the market scan. Fields taken from the Stygar 2021 appendix table 1. The marketing URL is theirs and dates from 2021, not yet re-verified. Validation level from Stygar Table 1 and the study types in their supplementary Table 2."
P012,DeLaval,Herd Navigator,other,"Analysis of individual progesterone, LDH and BHB leves in milk for health and heat meassurement, every milking",dairy cattle,Sweden,yes,none,no,stygar,https://www.delaval.com/en-ie/our-solutions/farm-management/delpro-precision-analytics/herd-navigator/,,,,no,"No external validation study found by Stygar. In line milk biomarker analysis, progesterone, LDH and BHB. Fields taken from the Stygar 2021 appendix table 1. The marketing URL is theirs and dates from 2021, not yet re-verified. Validation level from Stygar Table 1 and the study types in their supplementary Table 2."
P013,GEA,CowScout (S neck tag and Leg tag),collar_accelerometer,"Monitoring activity (standing, walking, lying) for heat detection, and health",dairy cattle,Germany,yes,external_self,no,stygar,https://www.accelgen.com/upload/product/files/english/0412gea-cow-scout-brochure-lr.pdf,,,,no,"Stygar Table 1 lists the validated product as CowScout Leg, one study, ref 27 (Nielsen 2018), coded external self validation. The appendix row is CowScout S. Coded to the leg version until the market scan confirms the current product names. Fields taken from the Stygar 2021 appendix table 1. The marketing URL is theirs and dates from 2021, not yet re-verified. Validation level from Stygar Table 1 and the study types in their supplementary Table 2."
P014,Connecterra,Ida,collar_accelerometer,"Monitoring activity for heat detection and health, rumination and feeding times",dairy cattle,Netherlands,yes,none,no,stygar,https://ida.io/ida-for-farmers/,,,,no,"No external validation study found by Stygar. Fields taken from the Stygar 2021 appendix table 1. The marketing URL is theirs and dates from 2021, not yet re-verified. Validation level from Stygar Table 1 and the study types in their supplementary Table 2."
P015,BouMatic,StepMatrix,other,"Analyzes gat pressure to detect limp, for lameness diagnosis",dairy cattle,USA,yes,external_independent,no,stygar,https://kruegersboumatic.com/automation/stepmetrix/,,,,no,"Ref 54 (Bicalho 2007) is external independent validation. Stygar spell it Stepmetrix. Load cell walkover plate for lameness detection. Fields taken from the Stygar 2021 appendix table 1. The marketing URL is theirs and dates from 2021, not yet re-verified. Validation level from Stygar Table 1 and the study types in their supplementary Table 2."
P016,IceRobotics,IceQube and CowAlert,other,"Monitoring activity (lying, walking, rumination), Early detection and warning of lameness, health alerts",dairy cattle,UK,yes,external_independent,no,stygar,https://www.icerobotics.com/wp-content/uploads/2019/07/Lameness-Detection_June19.pdf,,,,no,"Stygar Table 1 places refs 21 and 26 to 28 in the independent validation column, while their supplementary Table 2 codes ref 27 (Nielsen 2018) as external self validation; the two sources disagree on ref 27. The coded value rests on refs 21, 26 and 28. Leg mounted accelerometer. Fields taken from the Stygar 2021 appendix table 1. The marketing URL is theirs and dates from 2021, not yet re-verified. Validation level from Stygar Table 1 and the study types in their supplementary Table 2."
P017,Smartbow (Zoetis),Smartbow,ear_tag,"Monitoring activity for heat detection and health, rumination and feeding times, lying behaviour",dairy cattle,Austria,yes,external_independent,no,stygar,https://www.smartbow.com/en/how-it-works.aspx,,,,no,"Ref 21 (Borchers 2016) is external independent validation. Ear tag combining accelerometer with indoor location. Fields taken from the Stygar 2021 appendix table 1. The marketing URL is theirs and dates from 2021, not yet re-verified. Validation level from Stygar Table 1 and the study types in their supplementary Table 2."
P018,Ekomilk (Horizon Ltd),Ekomilk Horizon Unlimited Instrument,other,Milk composition: somatic cell count and milk parameters,dairy cattle,Bulgaria,no,not_listed,yes,icar,,,,,no,"On the ICAR validated sensor systems list as of 16 September 2026, the only three systems ICAR has validated. Included because ICAR is the nearest existing validation scheme, not because a welfare claim is expected. Whether it makes one is a finding of the register. Validation report saved in corpus."
P019,Brolis Sensor Systems,Brolis BLH01 in line sensor,other,Milk composition: milk fat and milk protein,dairy cattle,Lithuania,no,not_listed,yes,icar,,,,,no,"On the ICAR validated sensor systems list as of 16 September 2026, the only three systems ICAR has validated. Included because ICAR is the nearest existing validation scheme, not because a welfare claim is expected. Whether it makes one is a finding of the register. Validation report saved in corpus."
P020,Panazoo Italiana SRL,Panazoo MMI milk yield sensor system,other,Milk yield,dairy cattle,Italy,no,not_listed,yes,icar,,,,,no,"On the ICAR validated sensor systems list as of 16 September 2026, the only three systems ICAR has validated. Included because ICAR is the nearest existing validation scheme, not because a welfare claim is expected. Whether it makes one is a finding of the register. Validation report saved in corpus."
P021,AI4Animals,AI4Animals slaughterhouse monitoring,camera,"Monitoring of animal handling and stunning at slaughter, with a welfare metrics dashboard",cattle and pigs,Netherlands,no,not_listed,no,course,,,,,yes,"Comparator, not a dairy farm product and outside the dairy count. Built with welfare organisations and presented as accountability focused, so it tests whether a system built by welfare people scores better on column 4. The course talk is not in the corpus; details come from public web sources and are saved to corpus/vendors when captured."
