indicator_id,ai_grade,product_ids,stygar_trait,stygar_refs,maroto_feasible,hardware_class,market_breadth,market_keywords,evidence_note,notes
I001,validated_commercial,P015,"Locomotion score, Table 2 page 7, Physical condition and health, validated on a commercial farm",54,yes,farm_fixed,8,lame; locomotion; gait; mobility,"Stygar Table 2 page 7 lists Stepmetrix (54) under Locomotion score, commercial farm, in the lower performance column; page 7 text: all tools for physical condition and health were classified under lower performance, and locomotion score assessment was poor for 54. Table 1 page 6 places ref 54 in the independent validation column (Bicalho et al. 2007). Appendix aim for StepMatrix: analyzes gait pressure to detect limp, for lameness diagnosis. Maroto Molina page 3: accelerometers, pressure mats, image analysis, multi sensor systems.","Lameness is also named in the aims of IceTag and IceQube (P016, early detection and warning of lameness) and of five thermal cameras, none of which Stygar validate for lameness; the IceQube references 21 and 26 to 28 are for lying and steps. Cheapest commercial class is the walkover plate, farm_fixed; animal mounted alternatives exist."
I002,none,,,,not_covered,none,0,dermatitis; claw; hoof; foot lesion,"Keyword scan of the 129 appendix aims: 0 hits for dermatitis, claw or hoof. Maroto Molina do not discuss claw disorders (indicators.csv I002, not_covered).","EFSA Table 17 scores it with the ICAR Claw Health Atlas M stages; section 4.1.2.2 page 32 says lesions are recorded at inspection, functional claw trimming or treatment, a procedure done by a person. No sensor product in the sources."
I003,none,,,,not_covered,none,0,claw; hoof; lesion,"Keyword scan of the 129 appendix aims: 0 hits for claw, hoof or lesion. Maroto Molina do not discuss it (indicators.csv I003).",As I002.
I004,research_only,,,,partial,farm_fixed,0,hock; injur; integument; skin; lesion,"Keyword scan: 0 hits. Maroto Molina page 3: sensor systems for detecting integument alterations have not been found in literature, computer vision systems for skin problems in humans could be adapted (indicators.csv I004, partial).","The proposed technology is a camera, so the class of the proposal is farm_fixed. Nothing commercial."
I005,research_only,,,,partial,farm_fixed,0,knee; hock; injur; integument; skin; lesion,"As I004; EFSA Table 18 lists hock and knee alterations separately, Maroto Molina treat integument alterations as one measure.",As I004.
I006,unsure,appendix:Lely|MQC-C appendix:HerdInsights|HerdInsights,"Mastitis detection (Lely on line California mastitis test, 43) and Health disorder e.g. mastitis or pneumonia (HerdInsights, 30), Table 2 page 7, both commercial farm",43 30,not_covered,farm_fixed,13,mastitis; udder health; somatic,"Stygar Table 2 page 7 lists Lely on line CMT (43) under Mastitis detection and HerdInsight (30) under Health disorder, both validated on commercial farms; Table 1 page 6 places 43 and 30 in the independent column. Appendix aims: FirstLook Mastitis system names mastitis identification; ten aims name udder health. Maroto Molina do not discuss clinical mastitis incidence (I006).","Candidates: validated_commercial, because Stygar validate detection of mastitis cases on commercial farms; none, because the EFSA ABM is the incidence rate of clinical cases from veterinary or farm records, not detection. Listed in notes/unsure.md. Hardware class given for the cheapest commercial candidate per the unsure rule in definitions.md: an inline milk analyser installed at the milking point, farm_fixed; it is an added device, so not routine_data (corrected 29 September)."
I007,none,,,,not_covered,routine_data,0,bulk milk; bulk tank,"Keyword scan: 0 aims name bulk milk or bulk tank. The SCC products in the appendix measure single animals or quarters: Lely MQC-C (validated, ref 43) somatic cell count of each cow, LIC Protrack SCC individual somatic cell count, GEA M6850 SCC on each udder quarter; DeLaval OCC and DCC aims say udder health monitoring. That is the Welfare Quality measure I057, not bulk tank SCC. Maroto Molina do not discuss bulk tank SCC.","EFSA Table 27 page 43 rates bulk milk SCC high feasibility because records are readily available, with low sensitivity; the definitions class somatic cell count from records as routine_data, so the class is routine_data although no PLF product measures the bulk tank."
I008,validated_commercial,P004 P016 P013 appendix:ITIN-HOCH|RumiWatch appendix:FCCx IceRobotics|IceTag,"Active behavior (walking, no. of steps), Table 2 page 7",17 39 40 28 38 27 26,not_covered,animal_mounted,39,step; activity; walking,"Stygar Table 2 page 7, Active behavior (walking, no. of steps): every entry sits in the lower performance column, research farms CowManager SensOor (17, 39, 40), IceTag (28), Lely activity (42), RumiWatch (38), commercial farms CowScout Leg (27), IceTag (26, 27); page 6 text: for active behavior, lower performance of tools was reported. Table 1 page 6 columns: 39, 40, 28 and 26 independent; 17 and 38 self; on the IceTag row 21 and 26 to 28 sit in the independent column while the supplementary table codes 27 (Nielsen 2018) self, and on the CowScout Leg row 27 sits in the self column, so for P013 both sources agree on self. Appendix aims naming steps or walking: IceTag, IceQube, CowScout S.","The keyword activity matches 39 aims, most of them activity monitoring for heat detection, which is step based accelerometry; the count is reported as is and the keywords are visible. EFSA Table 31 rates on farm feasibility low; the appendix shows the opposite for the market. Table 1 also lists Lely activity (42, Elischer 2013, independent) but no appendix row is named Lely activity and no Lely row other than MQC-C carries a validation flag, so ref 42 is not attached to a product here. RumiWatch is not in products.csv and is cited as an appendix product. IceTag is its own appendix row, separate from IceQube and CowAlert (P016), and is cited as an appendix product for the references Table 2 places against it."
I009,unsure,P016 P013 appendix:FCCx IceRobotics|IceTag,"Active behavior (walking, no. of steps), Table 2 page 7",28 26 27,not_covered,animal_mounted,3,distance; walking,"Stygar validate walking as number of steps, not distance walked. Appendix aims name walking for IceTag, IceQube and CowScout S; 0 aims name distance. Maroto Molina do not discuss walking distance (I009).","Candidates: commercial_unvalidated, walking is named in three aims and distance follows from steps and stride length; none, no product states distance. Listed in notes/unsure.md. Hardware class given for the candidate products, leg and collar accelerometers, per the unsure rule in definitions.md. IceTag is its own appendix row, separate from IceQube and CowAlert (P016), and is cited as an appendix product for the references Table 2 places against it."
I010,none,,,,not_covered,none,0,speed; velocity,Keyword scan: 0 aims name speed or velocity. Maroto Molina do not discuss speed (I010).,"GPS collars in the appendix (Sensolus RDS Futureline MAX, Digitanimal) track location; speed is derivable but no aim states it, and location tracking is a different measure."
I011,research_only,,,,partial,farm_fixed,0,social; aggress; agonist; interaction,"Keyword scan of the 129 appendix aims: 0 hits for social, aggress, agonist or interaction. Maroto Molina page 3: social behaviour has not been a priority topic for PLF researchers; top view cameras in the waiting area of automated milking systems with machine learning detect head pressing and body pushing (Guzhva et al. 2016); proximity loggers and location solutions have been used to characterise social network structure.","Nothing commercial. Of the technologies proposed the fixed camera is the cheaper class, farm_fixed; proximity loggers are animal mounted. EFSA Table 32 page 53 rates feasibility low."
I012,validated_commercial,"P001 P016 P004 P013 appendix:ENGS, Rosh Pina, Israel|Track a))) Cow appendix:ITIN-HOCH|RumiWatch appendix:Dairy master|MooMonitor + appendix:FCCx IceRobotics|IceTag","Non-active behavior (lying, lying and standing), Table 2 page 7",21 22 23 17 39 40 26 27 38 18,yes,animal_mounted,7,lying; rest,"Stygar Table 2 page 7, Non-active behavior (lying, lying and standing): high performance on research farms for AfiAct Pedometer Plus (21), AfiTagII (22), CowAlert IceQube (21), CowManager SensOor (17, 39), Track A Cow (21) and RumiWatch (38), and on commercial farms for CowScout Leg (27), IceTag (26, 27) and a prototype (59); lower performance for CowManager SensOor (40), Lely activity (42), MooMonitor+ (18) and Pedometer Plus (23). Supplementary study table: 21, 22, 23, 26, 39, 40 and 18 are external independent validation; 17, 27 and 38 external self validation. Maroto Molina page 3: pedometers and accelerometers provide data on lying time and lying bouts.","Non active behaviour is the trait Stygar report as most often validated, 20 trials. EFSA Table 33 page 54 rates on farm feasibility low because validated activity monitors are not widely available. The appendix product AfiAct II (P001) corresponds to the Table 1 row AfiAct Pedometer Plus, AfiTagII, Pedometer Plus. Lely activity (42) has no appendix row and is not cited as a product. Track A Cow, RumiWatch and MooMonitor+ are not in products.csv and are cited as appendix products. IceTag is its own appendix row, separate from IceQube and CowAlert (P016), and is cited as an appendix product for the references Table 2 places against it."
I013,unsure,P001 P016 P004 P013 P017 appendix:FCCx IceRobotics|IceTag,"Non-active behavior (lying, lying and standing), Table 2 page 7",,yes,animal_mounted,6,bout; lying,"Stygar's validated trait is non active behavior (lying, lying and standing); Table 2 page 7 does not list frequency of lying bouts as a trait. Keyword scan: 0 aims name bout; 6 aims name lying (AfiAct II, Cow Manager, IceTag, IceQube and cowAlert, CowScout S, Smartbow). Maroto Molina page 3: pedometers or accelerometers have been used for monitoring lying behaviour, and these solutions can provide data on lying time and lying bouts.","Candidates: commercial_unvalidated, because six aims name lying behaviour and Maroto Molina say pedometers and accelerometers can provide lying bouts; validated_commercial, if the lying validations are taken to cover bouts, which Table 2 does not say; none, because no aim states bouts. Listed in notes/unsure.md. Hardware class from the candidate products per the unsure rule. The breadth count comes from the keyword lying: the six products listed, which are the I012 set without MooMonitor+, whose aim matches rest and not lying."
I014,research_only,,,,partial,farm_fixed,0,lie down; lying down; posture,"Keyword scan: 0 hits. Maroto Molina page 3: no references to sensor systems enabling the measurement of time needed to lie down, collisions with equipment or cow positioning in the resting area were found; computer vision systems detecting cows at cubicles (Porto et al. 2013) or monitoring cow posture (Cangar et al. 2008) could be used for these purposes.","The proposed technology is a camera, farm_fixed. Nothing commercial. EFSA Table 33 defines the measure citing Welfare Quality."
I015,none,,,,not_covered,none,0,getting up; rising; stand up,"Keyword scan: 0 hits. Maroto Molina discuss lying down, collisions and positioning on page 3, not the getting up movement (indicators.csv I015, not_covered).",EFSA Table 33 page 54 lists it as an ABM scored by observation.
I016,none,,,,not_covered,none,0,synchron,Keyword scan: 0 hits. Maroto Molina do not discuss lying synchronisation (indicators.csv I016).,EFSA Table 33 page 54.
I017,none,,,,not_covered,none,0,groom; lick; scratch,Keyword scan: 0 hits. Maroto Molina do not discuss self grooming (indicators.csv I017).,"EFSA Table 42 page 70 rates feasibility low, direct observation."
I018,none,,,,not_covered,none,0,brush,Keyword scan: 0 hits. Maroto Molina do not discuss brush use (indicators.csv I018).,"EFSA Table 42 page 70 says brush use can also be detected through sensors but calls the reliability questionable, citing Toaff-Rosenstein et al. 2017. That is outside the two sensor sources the grade rule reads from, so the grade stays none and the EFSA remark is recorded here."
I019,research_only,,,,partial,animal_mounted,0,groom; social; proximity,"Keyword scan: 0 hits. Maroto Molina page 3: proximity loggers and location solutions have been used to characterise the social network structure of dairy herds, detecting positive social behaviours such as grooming (Boyland et al. 2016).","The technologies named are proximity loggers and location solutions, both worn by the animal, animal_mounted. Nothing commercial for grooming; the one location product in the appendix, GEA CowView, is a collar."
I020,unsure,appendix:Afimilk|AfiMilk MPC,,,not_covered,farm_fixed,1,ketosis; ketone,"Keyword scan: 1 aim names ketosis, Afimilk AfiMilk MPC, milk quality sensor (spectrometer), aim Ketosis and SARA detection, no validation flag in the appendix. Stygar Table 2 lists no ketosis trait. Maroto Molina do not discuss ketosis (indicators.csv I020).","Candidates: commercial_unvalidated, a product states ketosis detection; none, the EFSA ABM is the incidence rate of clinical cases from veterinary or farm records, not detection. Same question as I006. Listed in notes/unsure.md. Hardware class from the candidate, an inline milk analyser installed in the parlour, farm_fixed. The appendix aim dates from 2021 and has not been re-verified; the row follows the appendix as the rule requires."
I021,validated_commercial,appendix:Afimilk|AfiLab,"Milk quality (fat, lactose and protein), Table 2 page 7, research farm, lower performance column",25,not_covered,routine_data,2,milk composition; fat; protein,"EFSA Table 46 page 75 defines the ABM as the individual milk fat to protein ratio or early lactation fat percentage monitored at routine milk recording. Stygar Table 2 page 7 lists AfiLab real time milk analyzer (25) under Milk quality, research farm, lower performance column; footnote e reads fat, lactose and protein as indicator for mastitis. Ref 25, Kaniyamattam and De Vries, agreement between milk fat, protein and lactose observations from DHIA and a real time milk analyzer, coded external independent validation in the supplementary study table. Appendix row AfiLab: milk quality sensors (spectrometer), aim milk composition analysis, monitoring general health and udder health, validation flag yes.","The measure is the same, individual cow milk fat and protein; Stygar record its validation as an indicator for mastitis, so the purpose differs and the note says so. The EFSA definition takes the value at routine milk recording, which the farm already has, so the class is routine_data under definitions 0.1.3; the inline analyser is the added device alternative, farm_fixed. Keyword fat and protein return 0 aims because the appendix describes these products as milk composition analysis."
I022,commercial_unvalidated,P012,,,not_covered,farm_fixed,1,bhb; ketone; hydroxybutyrate,"EFSA Table 46 page 75: individual cow beta hydroxybutyrate levels (blood sample) or ketones (milk or urine samples). Appendix row Herd Navigator (P012): milk quality sensors (spectrometer/biochemical test), aim analysis of individual progesterone, LDH and BHB levels in milk for health and heat measurement, every milking, no validation flag. Stygar Table 2 lists no BHB or ketone trait. Maroto Molina do not discuss it.","BHB in milk falls inside the EFSA definition, which names milk samples. Herd Navigator is an inline analyser, farm_fixed; the blood sample route is sample_or_procedure, the lowest class in the rank. One aim names BHB."
I023,validated_commercial,P009,"Body condition scoring, Table 2 page 7, commercial farm, lower performance column",48,yes,farm_fixed,3,body condition; bcs,"Stygar Table 2 page 7 lists DeLaval Body condition scoring (48) under Body condition scoring, commercial farm, lower performance column; Table 1 page 6 places ref 48 in the independent column; ref 48 Mullins et al. 2019, validation of a commercial automated body condition scoring system, external independent validation in the supplementary table. Appendix row DeLaval BCS: camera (3D), automatic body condition scoring, flag yes. Maroto Molina page 2: the DeLaval BCS camera assigns a 5 point scale in 0.1 steps and Rachah et al. 2018 found errors of minor importance for Welfare Quality. EFSA Table 46 page 75 defines the ABM on a 1 to 5 scale citing Welfare Quality 2009.","Three aims name body condition: DeLaval BCS and LIC Protrack BCS are 3D cameras, farm_fixed; Bayer Cowdition is a mobile app for scoring by a person. The Welfare Quality protocol scores 0, 1 or 2 while EFSA cites a 1 to 5 scale; the scales differ, recorded on the indicator row."
I024,none,,,,not_covered,none,0,abomas; displac,"Keyword scan: 0 aims name abomasum or displacement. Stygar Table 2 lists no such trait. Maroto Molina do not discuss it. EFSA Table 46 page 75 defines the ABM as the incidence rate from veterinary diagnoses, farm records or national databases.","No product, so the detection versus incidence question does not arise here."
I025,validated_commercial,appendix:Afimilk|AfiLab,"Milk quality (fat, lactose and protein), Table 2 page 7, research farm, lower performance column",25,not_covered,routine_data,2,milk composition; fat; protein,"EFSA Table 46 page 76 defines the ABM as individual milk fat percentage and fat to protein ratio monitored at routine milk recording, as a sign of subacute ruminal acidosis. The same milk constituents as I021, measured by the same validated analyser: AfiLab (25), Stygar Table 2 page 7, Milk quality, research farm, lower performance column; ref 25 external independent validation.","Same evidence as I021; the indicator differs only in which disorder the constituents point to. AfiMilk MPC states ketosis and SARA detection in its aim with no validation flag and is not needed for the grade. Class routine_data under definitions 0.1.3; the inline analyser AfiLab, farm_fixed, is the added device alternative."
I026,none,,,,not_covered,sample_or_procedure,0,rumenocentesis,"EFSA Table 46 page 76: acidity of the liquid rumen content obtained through puncture of the rumen, rated low feasibility as too invasive for routine monitoring. Keyword scan: 0 aims. Stygar Table 2 lists rumen pH only by bolus. Maroto Molina do not discuss it.","The indicator is defined by the procedure, so no sensor product can measure it as defined; the bolus route is I027. Class sample_or_procedure because the method named in the indicator is a puncture."
I027,validated_commercial,P008 appendix:Fofia|ET912 Fofia appendix:Moow|Moow Rumen bolus appendix:Smaxtec|smaXtec basic appendix:VitalHerd|VitalHerd,"Rumen pH, Table 2 page 7, research farm, lower performance column",50 51,not_covered,animal_mounted,7,"rumen ph; ph,; acidosis","Stygar Table 2 page 7 lists eCow bolus (50, 51) and KB 3/04 bolus (52) under Rumen pH, research farm, lower performance column. Table 1 page 6 places refs 50 and 51 in the independent column; supplementary table codes 50 Neubauer et al. 2018 and 51 Falk et al. 2016 external independent validation. Appendix row eBolus (eCow UK): bolus, measures activity, pH and temperature in rumen, flag yes. Four further aims name pH in the rumen without a validation flag (Fofia ET912, Moow Rumen bolus, smaXtec basic, VitalHerd) and two name rumen acidosis monitoring (4i WellCow Bolus, Moonsyst Smart rumen bolus). EFSA Table 46 page 76 defines the ABM as rumen pH continually measured by a bolus and cites Neubauer et al. 2018, the same study as Stygar ref 50.","EFSA rates on farm feasibility low, the technology relatively expensive and requiring additional validation. P007 smaXtec premium is not cited: its appendix aim is activity and temperature, not pH; the pH claim belongs to smaXtec basic. KB 3/04 (Kahne) has no matching appendix row found and is not cited as a product."
I028,none,,,,not_covered,none,0,calcium; hypocal; milk fever,"Keyword scan: 0 aims. Stygar Table 2 lists no such trait. Maroto Molina do not discuss it. EFSA Table 46 page 76 defines the ABM as the incidence rate of clinical hypocalcaemia from veterinary diagnoses, farm records or national databases.",
I029,none,,,,not_covered,none,0,calcium; hypocal; milk fever,"Keyword scan: 0 aims. Stygar Table 2 lists no such trait. Maroto Molina do not discuss it. EFSA Table 46 page 76 defines the ABM as the incidence rate from veterinary diagnoses, farm records or national databases, with low sensitivity and specificity because cow side diagnosis is difficult.",
I030,research_only,,,,partial,farm_fixed,1,water; drink,"Maroto Molina page 2: monitoring the number and status of water points has no relevance from a PLF perspective, since water consumption of every cow can be measured by a combination of RFID and flowmeters (Cardot et al. 2008), or indirectly by reticular temperature boluses. The Welfare Quality measure is the provision of water points, a resource measure, so this is a substitute measure and the grade is research_only under definitions factor 1. Stygar Table 2 page 7 lists Insentec (45) under Water intake, research farm, high performance column; ref 45 Chapinal et al. 2007, external independent validation; the appendix row is Hokofarm Group RIC (Insentec, now Hokofarm), load cells and RFID, aim measures individual feed and water intake, flag yes.","The substitute measure, individual water intake, has a validated commercial product, which the grade rule does not credit because the indicator as defined is the water point, not the intake. Recorded so the write up can say it. Class from the technology, a trough with RFID and flowmeter or load cells, farm_fixed."
