indicator_id,efsa_welfare_consequence,efsa_measure,wq_principle,wq_criterion,wq_measure,measure_type,maroto_molina_technology,maroto_molina_rating,notes,listed_by
I001,Locomotory disorders,Gait assessment,Good health,Absence of injuries,Lameness,animal_based,"Accelerometers, pressure mats, image analysis, multi-sensor systems combining milk, activity and posture",partial,"EFSA Table 16 defines the 3 point scale citing Welfare Quality 2009, so the join is stated by EFSA. Maroto notes sensor systems normally use a 5 point scale, finer than Welfare Quality needs. Merges the two Welfare Quality measures lameness (loose housed animals) and lameness (tied animals), listed separately in the protocol overview on PDF page 22 (printed 21), into one row matching EFSA's single gait assessment measure. Their method blocks are on PDF page 29 (printed 28) and PDF page 30 (printed 29); the 3 point scale EFSA cites is the loose housed scale, while the tied measure is a stall lameness score of 0 or 2 from resting, standing, stepping and reluctance. Rated partial under rule 4.3 read literally (decision_log.md, 3 October 2026): the passage on page 3 says accelerometers, pressure mats and image analysis have been used to detect lame cows and that multi sensor systems have been tested, citing research studies (the reference list title of Thorup et al. 2015 names four commercial farms as its study site, but the passage does not present the technology as in commercial use), and does not say the technology is commercially available or in use on commercial farms.",joined
I002,Locomotory disorders,Digital dermatitis,,,,animal_based,Not discussed by Maroto Molina,not_covered,EFSA Table 17. Scored with the ICAR Claw Health Atlas M stages,efsa_only
I003,Locomotory disorders,Lesions of the claws,,,,animal_based,Not discussed by Maroto Molina,not_covered,"EFSA Table 17. Scoring system for claw lesion types, ICAR Claw Health Atlas",efsa_only
I004,Locomotory disorders,Hock alterations,Good health,Absence of injuries,Integument alterations,animal_based,No system found in the literature; computer vision for human skin problems proposed as adaptable,partial,"EFSA Table 18 defines it as the 3 point scale from the Welfare Quality protocol. Welfare Quality has one integument alterations measure, a total count of hairless patches and lesions or swellings over five body regions on one side of the cow, which also counts missing teats and ear lesions from torn ear tags (title block PDF page 30, printed 29; body regions and total count PDF page 31, printed 30). It is split here to follow EFSA's separate hock and knee measures in Table 18, and the Welfare Quality measure is broader than either row",joined
I005,Locomotory disorders,Knee alterations,Good health,Absence of injuries,Integument alterations,animal_based,No system found in the literature; computer vision for human skin problems proposed as adaptable,partial,"EFSA Table 18 defines it as the 3 point scale from the Welfare Quality protocol. Welfare Quality has one integument alterations measure, a total count of hairless patches and lesions or swellings over five body regions on one side of the cow, which also counts missing teats and ear lesions from torn ear tags (title block PDF page 30, printed 29; body regions and total count PDF page 31, printed 30). It is split here to follow EFSA's separate hock and knee measures in Table 18, and the Welfare Quality measure is broader than either row",joined
I006,Mastitis,Clinical cases,,,,animal_based,Not discussed by Maroto Molina,not_covered,"EFSA Table 27 (PDF page 43) defines the measure as the incidence rate of clinical mastitis; vet or farm records appear only in its feasibility line, high although dependent on availability and accuracy of vet/farm records",efsa_only
I007,Mastitis,Bulk milk somatic cell count,,,,animal_based,Bulk tank somatic cell count not discussed by Maroto Molina; they discuss milk somatic cell count by NIRS (page 3),not_covered,"EFSA Table 27, somatic cell count in the bulk tank. Not joined to the Welfare Quality milk somatic cell count (I057): EFSA cites no Welfare Quality definition, and Welfare Quality takes the count from individual cow milk records over the three months before the visit (protocol PDF page 35, printed 34). Whether to treat them as one indicator is an open point recorded for the write up. Maroto Molina discuss milk somatic cell count by NIRS, even for the individual cow (page 3), but do not name the bulk tank, so not_covered stands (decision_log.md, 3 October 2026)",efsa_only
I008,Restriction of movement and resting problems,Step activity,,,,animal_based,Not discussed by Maroto Molina,not_covered,EFSA Table 31 rates on farm feasibility low because positioning systems are not consistently available. Maroto Molina do not discuss this measure; an earlier version put EFSA's own wording in the technology column,efsa_only
I009,Restriction of movement and resting problems,Walking distance,,,,animal_based,Not discussed by Maroto Molina,not_covered,"EFSA Table 31 rates feasibility low, GPS not yet available on all farms. Maroto Molina do not discuss this measure; an earlier version put EFSA's own wording in the technology column",efsa_only
I010,Restriction of movement and resting problems,Speed,,,,animal_based,Not discussed by Maroto Molina,not_covered,EFSA Table 31. Maroto Molina do not discuss this measure; an earlier version put EFSA's own wording in the technology column,efsa_only
I011,Restriction of movement and resting problems,Agonistic interactions,Appropriate behaviour,Expression of social behaviours,Agonistic behaviours,animal_based,Top view cameras with machine learning for head pressing and body pushing,partial,"EFSA Table 32 defines the count citing Welfare Quality 2009. Research level systems only. Maroto Molina (page 3) tie proximity loggers and location systems to social network structure and positive social behaviours such as grooming, recorded on I019, not to agonistic interactions",joined
I012,Restriction of movement and resting problems,Lying time,,,,animal_based,Pedometers and accelerometers give lying time and lying bouts,partial,"EFSA Table 33, short lying time under 10 hours indoors. EFSA rates feasibility low because validated activity monitors are not widely available on farm. Rated partial under rule 4.3 read literally (decision_log.md, 3 October 2026): the passage on page 3 says pedometers (Mattachini et al. 2013) and accelerometers (Darr and Epperson 2009) have been used for monitoring lying behaviour and can provide data on lying time and lying bouts, and does not say the technology is commercially available or in use on commercial farms.",efsa_only
I013,Restriction of movement and resting problems,Frequency of lying bouts,,,,animal_based,Pedometers and accelerometers give lying time and lying bouts,partial,"EFSA Table 33. Rated partial under rule 4.3 read literally (decision_log.md, 3 October 2026): the passage on page 3 says pedometers and accelerometers have been used for monitoring lying behaviour and can provide data on lying time and lying bouts, citing research studies, and does not say the technology is commercially available or in use on commercial farms.",efsa_only
I014,Restriction of movement and resting problems,Duration of lying down movement,Good housing,Comfort around resting,Time needed to lie down,animal_based,No system found; computer vision for cow posture proposed,partial,EFSA Table 33 defines the lying down sequence in Welfare Quality terms,joined
I015,Restriction of movement and resting problems,"Deviation from normal, uninterrupted getting up movement",,,,animal_based,Not discussed by Maroto Molina,not_covered,"EFSA Table 33. Maroto Molina propose posture monitoring for lying down, collisions and positioning, not for getting up",efsa_only
I016,Restriction of movement and resting problems,Lying behaviour synchronisation,,,,animal_based,Not discussed by Maroto Molina,not_covered,EFSA Table 33,efsa_only
I017,Inability to perform comfort behaviour,Self-grooming,,,,animal_based,Not discussed by Maroto Molina,not_covered,"EFSA Table 42, direct observation, feasibility low",efsa_only
I018,Inability to perform comfort behaviour,Brush use,,,,animal_based,Not discussed by Maroto Molina,not_covered,EFSA Table 42 notes brush use can be detected through sensors but calls the reliability questionable,efsa_only
I019,Inability to perform comfort behaviour,Allo-grooming,,,,animal_based,Proximity loggers and location systems have been used to detect grooming,partial,"EFSA Table 42, at cow individual level",efsa_only
I020,Metabolic disorders,Clinical ketosis: clinical case incidence rate,,,,animal_based,Not discussed by Maroto Molina,not_covered,"EFSA Table 46, Keto-c",efsa_only
I021,Metabolic disorders,Subclinical ketosis: individual cow milk constituents,,,,animal_based,Not discussed by Maroto Molina,not_covered,"EFSA Table 46, Keto-sc, milk fat to protein ratio at routine milk recording",efsa_only
I022,Metabolic disorders,Subclinical ketosis: individual cow beta-hydroxybutyrate or ketones,,,,animal_based,Not discussed by Maroto Molina,not_covered,"EFSA Table 46, Keto-sc",efsa_only
I023,Metabolic disorders,Subclinical ketosis: body condition scoring,Good feeding,Absence of prolonged hunger,Body condition score,animal_based,DeLaval BCS 3D camera with proprietary algorithms on a 5 point scale; walkover weighing scales and scales in milking robots,yes,"EFSA Table 46 cites Welfare Quality 2009 for body condition scoring, so the join rule is met, but the scales differ: EFSA describes a 1 to 5 scale, the Welfare Quality protocol scores 0, 1 or 2. Welfare Quality uses the measure under absence of prolonged hunger, EFSA under subclinical ketosis. Recorded as an open point for the write up",joined
I024,Metabolic disorders,Left displaced abomasum: clinical case incidence rate,,,,animal_based,Not discussed by Maroto Molina,not_covered,"EFSA Table 46, LDA",efsa_only
I025,Metabolic disorders,Subacute ruminal acidosis: individual cow milk constituents,,,,animal_based,Not discussed by Maroto Molina,not_covered,"EFSA Table 46, SARA",efsa_only
I026,Metabolic disorders,Subacute ruminal acidosis: rumen pH by rumenocentesis,,,,animal_based,Not discussed by Maroto Molina,not_covered,"EFSA Table 46, SARA",efsa_only
I027,Metabolic disorders,Subacute ruminal acidosis: rumen pH by rumen bolus,,,,animal_based,"Reticular boluses are discussed for temperature, not for pH",not_covered,"EFSA Table 46, SARA. Commercial acidosis boluses appear in the Stygar product list",efsa_only
I028,Metabolic disorders,Clinical hypocalcaemia: clinical case incidence rate,,,,animal_based,Not discussed by Maroto Molina,not_covered,"EFSA Table 46, Hypocal-c",efsa_only
I029,Metabolic disorders,Subclinical hypocalcaemia: incidence rate,,,,animal_based,Not discussed by Maroto Molina,not_covered,"EFSA Table 46, Hypocal-sc",efsa_only
I030,,,Good feeding,Absence of prolonged thirst,Water provision,resource_based,RFID combined with flowmeters to measure water consumption per cow; reticular temperature boluses as an indirect route,partial,"Maroto argues that monitoring the number of water points has no relevance once intake itself can be measured, so this is a substitute measure",wq_only
I031,,,Good feeding,Absence of prolonged thirst,Cleanliness of water points,resource_based,"Turbidity sensors, or cleanliness assumed adequate when water intake is normal",partial,,wq_only
I032,,,Good feeding,Absence of prolonged thirst,Water flow,resource_based,Flowmeters combined with RFID,partial,"Substitute measure, water consumption rather than flow at the point",wq_only
I033,,,Good feeding,Absence of prolonged thirst,Functioning of water points,resource_based,Flowmeters combined with RFID,partial,Substitute measure,wq_only
I034,,,Good housing,Comfort around resting,Animals colliding with housing equipment during lying down,animal_based,No system found; computer vision for cow posture proposed,partial,,wq_only
I035,,,Good housing,Comfort around resting,Animals lying partly or completely outside the lying area,animal_based,No system found; computer vision detecting cows at cubicles proposed,partial,,wq_only
I036,,,Good housing,Comfort around resting,Cleanliness of udders,animal_based,No automatic system found; image analysis adapted from faeces detection on carcasses proposed,partial,,wq_only
I037,,,Good housing,Comfort around resting,Cleanliness of flank/upper legs,animal_based,No automatic system found; image analysis proposed,partial,,wq_only
I038,,,Good housing,Comfort around resting,Cleanliness of lower legs,animal_based,No automatic system found; image analysis proposed,partial,,wq_only
I039,,,Good housing,Thermal comfort,,none,Weather stations computing the temperature humidity index; activity monitoring systems; reticular boluses,yes,Welfare Quality defines no measure for thermal comfort. Maroto says it can be automated easily,wq_only
I040,,,Good housing,Ease of movement,Presence of tethering,resource_based,"Indoor location systems: RFID such as CowView, Bluetooth, ultrawideband, or image processing",partial,"Substitute measure: Maroto Molina page 3 say the ease of movement measures could be substituted by indoor and outdoor location monitoring systems, indoor for presence of tethering",wq_only
I041,,,Good housing,Ease of movement,Access to outdoor loafing area or pasture,management_based,"GPS tracking, with satellite imagery to tell a loafing area from pasture",partial,"Substitute measure: Maroto Molina page 3 say the ease of movement measures could be substituted by indoor and outdoor location monitoring systems, outdoor (GPS, with satellite imagery to tell a loafing area from pasture) for access to an outdoor loafing area or pasture",wq_only
I043,,,Good health,Absence of disease,Nasal discharge,animal_based,No specific system; body temperature sensors integrated with feed and water intake proposed,partial,,wq_only
I044,,,Good health,Absence of disease,Ocular discharge,animal_based,No specific system; body temperature sensors integrated with feed and water intake proposed,partial,,wq_only
I045,,,Good health,Absence of disease,Hampered respiration,animal_based,Image analysis tested in pigs with respiratory problems; body temperature sensors integrated with feed and water intake monitoring,partial,"Research level. Maroto Molina (page 3) describe sound analysis for coughs associated with bovine respiratory disease only, so it is not listed for this measure",wq_only
I046,,,Good health,Absence of disease,Diarrhoea,animal_based,No automatic system identified; image based solutions proposed,partial,,wq_only
I047,,,Good health,Absence of disease,Vulvar discharge,animal_based,Electronic noses used on vaginal discharge but not automatic; oestrus monitoring proposed as sufficient,partial,Maroto treats oestrus monitoring as the practical substitute,wq_only
I048,,,Good health,Absence of disease,Mortality,animal_based,No technology named by Maroto Molina,not_covered,"Maroto Molina discuss it on page 3: mortality, dystocia and downer cows are Welfare Quality measures based on farmer records, and sensor systems ""should serve to prevent mortality, dystocia and downer cows"". They name no technology for measuring it, so not_covered under the feasibility rule",wq_only
I049,,,Good health,Absence of disease,Dystocia,animal_based,"Calving prediction systems to assist cows when needed, a substitute; the measure itself comes from farmer records",partial,"Maroto Molina page 3: mortality, dystocia and downer cows are Welfare Quality measures based on farmer records and sensors should serve to prevent them; for dystocia only they name calving prediction systems (Borchers et al. 2017), coded as a substitute, so partial",wq_only
I050,,,Good health,Absence of disease,Downer cows,animal_based,No technology named by Maroto Molina,not_covered,"Maroto Molina discuss it on page 3: mortality, dystocia and downer cows are Welfare Quality measures based on farmer records, and sensor systems ""should serve to prevent mortality, dystocia and downer cows"". They name no technology for measuring it, so not_covered under the feasibility rule",wq_only
I051,,,Good health,Absence of pain induced by management procedures,Disbudding/Dehorning,management_based,Sensors cannot provide the measure; pain monitoring and facial expression analysis are research topics,no,,wq_only
I052,,,Good health,Absence of pain induced by management procedures,Tail docking,management_based,Sensors cannot provide the measure; pain monitoring is a research topic,no,,wq_only
I053,,,Appropriate behaviour,Expression of other behaviours,Access to pasture,resource_based,Not discussed by Maroto Molina,not_covered,"Maroto Molina list access to pasture under expression of other behaviours in Table 1 (page 2) but do not discuss it in the text. Their ease of movement passage (page 3) proposes outdoor location monitoring for access to an outdoor loafing area or pasture, which is I041, not this criterion; an earlier version copied it here",wq_only
I054,,,Appropriate behaviour,Good human-animal relationship,Avoidance distance,animal_based,No individual level solution available; video imaging used in bird flocks; Bluetooth and radio sensor networks proposed; infrared thermography for fear responses,partial,,wq_only
I055,,,Appropriate behaviour,Positive emotional state,Qualitative behaviour assessment,animal_based,"Image and video analysis of facial expression, ear posture and eye white; sound analysis",partial,,wq_only
I056,Metabolic disorders,Subclinical hypocalcaemia: blood calcium levels within days post-calving,,,,animal_based,Not discussed by Maroto Molina,not_covered,"EFSA Table 46, Hypocal-sc: serum calcium at or below 2.14 mM in a blood sample 24 to 48 hours after calving. Missed in the first extraction and added after the audit of 16 September 2026",efsa_only
I057,,,Good health,Absence of disease,Milk somatic cell count,animal_based,"Near infrared spectroscopy, including individual cow measurement inside milking robots",partial,"Welfare Quality takes it from individual cow milk records for the three months before the farm visit (protocol PDF page 35, printed 34). Split from the EFSA bulk milk row (I007) after the audit of 16 September 2026. Rated partial under rule 4.3 read literally (decision_log.md, 3 October 2026): the passage on page 3 says milk somatic cell count can be monitored by NIRS, even for the individual cow inside milking robots, on the strength of Kawasaki et al. 2008, a research study of a NIRS sensing system in a milking robot (reference list, page 5), and does not say the technology is commercially available or in use on commercial farms.",wq_only
I058,Mastitis,Individual cow somatic cell count (SCC),,,,animal_based,"Near infrared spectroscopy, including individual cow measurement inside milking robots",partial,"EFSA Table 27 continued, PDF page 44: specified increases in individual cow SCC values between consecutive monthly recordings (or in case of AMS between milkings) to indicate a new infection; feasibility high but the information is not routinely available on all farms. Not joined to the Welfare Quality milk somatic cell count (I057): Table 27 cites no Welfare Quality for this ABM and the names differ. Table 26 (PDF page 43), a table of common measures outside the indicator set, cites Welfare Quality 2009 for the proportion of cows at or above 400,000 cells/mL. Maroto Molina page 3: milk somatic cell count can be monitored by NIRS, even for the individual cow by incorporating it into milking robots. Missed in the first extraction and added after the audit of 2 October 2026. Rated partial under rule 4.3 read literally (decision_log.md, 3 October 2026): the passage on page 3 says milk somatic cell count can be monitored by NIRS, even for the individual cow inside milking robots, on the strength of Kawasaki et al. 2008, a research study of a NIRS sensing system in a milking robot (reference list, page 5), and does not say the technology is commercially available or in use on commercial farms.",efsa_only
I059,Mastitis,Bacterial culture; screening of individual cow milk samples,,,,animal_based,Not discussed by Maroto Molina,not_covered,"EFSA Table 27 continued, PDF page 44: screening of individual cow milk samples for pathogens indicative of mastitis; feasibility low, it requires exact sampling and lab analysis. Table 27 cites no Welfare Quality for it. Missed in the first extraction and added after the audit of 2 October 2026",efsa_only
