product_id,vendor,product,appendix_name,sensor_type,vendor_description,country,in_stygar_list,validation_found,icar_validated,link,notes
P001,Afimilk,AfiAct II,AfiAct II,other,"Monitoring activity feeding, rumination, lying behaviour,  heat detection, rest, health and wellbing",Israel,yes,external_independent,no,https://www.afimilk.com/cow-monitoring,"Stygar Table 1 lists AfiAct Pedometer Plus, AfiTagII and Pedometer Plus together; refs 21 to 24 (Borchers 2016, Henriksen and Munksgaard 2019, Mattachini 2013, Swartz 2016) are all external independent validation. Leg mounted accelerometer, recorded as other because the schema has no leg tag value. Fields taken from the Stygar 2021 appendix table 1. The marketing URL is theirs and dates from 2021 and is not re-verified in this scope. Validation level from Stygar Table 1 and the study types in their supplementary Table 2."
P002,Afimilk,AfiCollar,AfiCollar,collar_accelerometer,"Heat detection, rumination, health alerts",Israel,yes,none,no,https://www.afimilk.com/cow-monitoring,No external validation study found by Stygar. Fields taken from the Stygar 2021 appendix table 1. The marketing URL is theirs and dates from 2021 and is not re-verified in this scope. Validation level from Stygar Table 1 and the study types in their supplementary Table 2.
P003,Allflex,SenseHub Dairy,SenseHub Dairy,collar_accelerometer,"reproductive, health, nutritional and wellbeing status of individual cows and groups",UK,yes,none,no,https://www.allflex.global/product/sensehub-dairy/,No external validation study found by Stygar. Stygar lists collar and ear versions. Fields taken from the Stygar 2021 appendix table 1. The marketing URL is theirs and dates from 2021 and is not re-verified in this scope. Validation level from Stygar Table 1 and the study types in their supplementary Table 2.
P004,CowManager,CowManager SensOor,Cow Manager,ear_tag,"Feeding (rumination) and activity behaviours - lying, heat detection, location monitor, health alerts",Netherlands,yes,external_independent,no,https://www.cowmanager.com/en-us/,"Refs 21, 39, 40, 41 are external independent validation; ref 17 (Bikker 2014) is external self validation. Fields taken from the Stygar 2021 appendix table 1. The marketing URL is theirs and dates from 2021 and is not re-verified in this scope. Validation level from Stygar Table 1 and the study types in their supplementary Table 2."
P005,Nedap,Nedap CowControl SmartTag Neck,Cow Control (SmartTag Neck),collar_accelerometer,"Monitoring activity for heat detection and health, rumination and feeding times",Netherlands,yes,none,no,https://www.nedap-livestockmanagement.com/dairy-farming/solutions/nedap-cowcontrol/,No external validation study found by Stygar. Fields taken from the Stygar 2021 appendix table 1. The marketing URL is theirs and dates from 2021 and is not re-verified in this scope. Validation level from Stygar Table 1 and the study types in their supplementary Table 2.
P006,Nedap,Nedap CowControl SmartTag Leg,Cow Control (SmartTag Leg),other,Monitoring activity for heat detection and health,Netherlands,yes,none,no,https://www.nedap-livestockmanagement.com/dairy-farming/solutions/nedap-cowcontrol/,"No external validation study found by Stygar. Leg mounted accelerometer, recorded as other. Fields taken from the Stygar 2021 appendix table 1. The marketing URL is theirs and dates from 2021 and is not re-verified in this scope. Validation level from Stygar Table 1 and the study types in their supplementary Table 2."
P007,smaXtec,smaXtec premium,smaXtec premium,bolus,Measures activity and temperature in rumen,Austria,yes,none,no,https://smaxtec.com/en/,No external validation study found by Stygar. Fields taken from the Stygar 2021 appendix table 1. The marketing URL is theirs and dates from 2021 and is not re-verified in this scope. Validation level from Stygar Table 1 and the study types in their supplementary Table 2.
P008,eCow,eBolus,eBolus,bolus,"Measures activity, pH, and temperature in rumen",UK,yes,external_independent,no,https://ecow.co.uk/,"Refs 50 and 51 (Neubauer 2018, Falk 2016) are external independent validation. Stygar name it eCow Farmer bolus. Fields taken from the Stygar 2021 appendix table 1. The marketing URL is theirs and dates from 2021 and is not re-verified in this scope. Validation level from Stygar Table 1 and the study types in their supplementary Table 2."
P009,DeLaval,DeLaval Body Condition Scoring (BCS),DeLaval BCS,camera,Automatic body condition scoring,Sweden,yes,external_independent,no,http://www.delavalcorporate.com/our-products-and-services/farm-support/delaval-body-condition-scoring-bcs/,Ref 48 (Mullins 2019) is external independent validation. Fields taken from the Stygar 2021 appendix table 1. The marketing URL is theirs and dates from 2021 and is not re-verified in this scope. Validation level from Stygar Table 1 and the study types in their supplementary Table 2.
P010,Cainthus,Alus Nutrition,Alus Nutrition,camera,"Monitors events like feed deliveries, push-ups & clean-outs (the farmer schedules it). Tracks accessibility of feed 24/7 and will highlight times when feed is inaccessible, allowing the farmer to adjust the feed management plan if necessary.",Ireland,yes,none,no,https://www.cainthus.com/alus,No external validation study found by Stygar. Fields taken from the Stygar 2021 appendix table 1. The marketing URL is theirs and dates from 2021 and is not re-verified in this scope. Validation level from Stygar Table 1 and the study types in their supplementary Table 2.
P011,Lely,Lely Astronaut A4,Astronaut A4,milking_system,monitor and analyse the milk production performance,Netherlands,yes,none,no,https://www.lely.com/solutions/milking/astronaut-a4/,No external validation study found by Stygar. Fields taken from the Stygar 2021 appendix table 1. The marketing URL is theirs and dates from 2021 and is not re-verified in this scope. Validation level from Stygar Table 1 and the study types in their supplementary Table 2.
P012,DeLaval,Herd Navigator,Herd Navigator,other,"Analysis of individual progesterone, LDH and BHB leves in milk for health and heat meassurement, every milking",Sweden,yes,none,no,https://www.delaval.com/en-ie/our-solutions/farm-management/delpro-precision-analytics/herd-navigator/,"No external validation study found by Stygar. In line milk biomarker analysis, progesterone, LDH and BHB. Fields taken from the Stygar 2021 appendix table 1. The marketing URL is theirs and dates from 2021 and is not re-verified in this scope. Validation level from Stygar Table 1 and the study types in their supplementary Table 2."
P013,GEA,CowScout (S neck tag and Leg tag),CowScout S,other,"Monitoring activity (standing, walking, lying) for heat detection, and health",Germany,yes,external_self,no,https://www.accelgen.com/upload/product/files/english/0412gea-cow-scout-brochure-lr.pdf,"Stygar Table 1 lists the validated product as CowScout Leg, one study, ref 27 (Nielsen 2018), coded external self validation. The appendix row CowScout S is listed as collar or leg (Accelerometer (Collar/leg)), and the Table 1 validation is for the leg version, so the row is coded to the leg version, sensor_type other like the other leg devices; current product names not re-verified in this scope. Fields taken from the Stygar 2021 appendix table 1. The marketing URL is theirs and dates from 2021 and is not re-verified in this scope. Validation level from Stygar Table 1 and the study types in their supplementary Table 2."
P014,Connecterra,Ida,Ida,collar_accelerometer,"Monitoring activity for heat detection and health, rumination and feeding times",Netherlands,yes,none,no,https://ida.io/ida-for-farmers/,No external validation study found by Stygar. Fields taken from the Stygar 2021 appendix table 1. The marketing URL is theirs and dates from 2021 and is not re-verified in this scope. Validation level from Stygar Table 1 and the study types in their supplementary Table 2.
P015,BouMatic,StepMatrix,StepMatrix,other,"Analyzes gat pressure to detect limp, for lameness diagnosis",USA,yes,external_independent,no,https://kruegersboumatic.com/automation/stepmetrix/,Ref 54 (Bicalho 2007) is external independent validation. Stygar spell it Stepmetrix. Load cell walkover plate for lameness detection. Fields taken from the Stygar 2021 appendix table 1. The marketing URL is theirs and dates from 2021 and is not re-verified in this scope. Validation level from Stygar Table 1 and the study types in their supplementary Table 2.
P016,IceRobotics,IceQube and CowAlert,"IceQube, cowAlert",other,"Monitoring activity (lying, walking, rumination), Early detection and warning of lameness, health alerts",UK,yes,external_independent,no,https://www.icerobotics.com/wp-content/uploads/2019/07/Lameness-Detection_June19.pdf,"Stygar Table 1 places refs 21 and 26 to 28 in the independent validation column, while their supplementary Table 2 codes ref 27 (Nielsen 2018) as external self validation; the two sources disagree on ref 27. The coded value rests on refs 21, 26 and 28. Leg mounted accelerometer. Fields taken from the Stygar 2021 appendix table 1. The marketing URL is theirs and dates from 2021 and is not re-verified in this scope. Validation level from Stygar Table 1 and the study types in their supplementary Table 2."
P017,Smartbow GmbH,Smartbow,SMARTBOW,ear_tag,"Monitoring activity for heat detection and health, rumination and feeding times, lying behaviour",Austria,yes,external_independent,no,https://www.smartbow.com/en/how-it-works.aspx,Ref 21 (Borchers 2016) is external independent validation. Ear tag combining accelerometer with indoor location. Fields taken from the Stygar 2021 appendix table 1. The marketing URL is theirs and dates from 2021 and is not re-verified in this scope. Validation level from Stygar Table 1 and the study types in their supplementary Table 2.
P018,Ekomilk (Horizon Ltd),Ekomilk Horizon Unlimited Instrument,,other,Milk composition: somatic cell count and milk parameters,Bulgaria,no,not_listed,yes,,"On the ICAR validated sensor systems list as of 16 September 2026, the only three systems ICAR has validated. Validation report listed in 1_sources."
P019,Brolis Sensor Systems,Brolis BLH01 in line sensor,,other,Milk composition: milk fat and milk protein,,no,not_listed,yes,,"On the ICAR validated sensor systems list as of 16 September 2026, the only three systems ICAR has validated. Validation report listed in 1_sources. The ICAR sources do not state the manufacturer's country, so the country is left blank."
P020,Panazoo Italiana SRL,Panazoo MMI milk yield sensor system,,other,Milk yield,,no,not_listed,yes,,"On the ICAR validated sensor systems list as of 16 September 2026, the only three systems ICAR has validated. Validation report listed in 1_sources. The ICAR sources do not state the manufacturer's country, so the country is left blank."
