indicator_id,sensor_evidence,products,validated_products,validated_trait,study_numbers,maroto_molina_rating,device_needed,vendors_naming_it,search_words,where_to_check,reasoning
I001,validated_commercial,P015,Boumatic|StepMatrix,"Locomotion score, Table 2 page 7, Physical condition and health, commercial farm, lower performance column",54,partial,farm_fixed,8,lame; locomotion; gait; mobility,"Stygar Table 2 page 7 lists Stepmetrix (54) under Locomotion score, commercial farm, in the lower performance column; page 7 text: all tools for physical condition and health were classified under lower performance, and locomotion score assessment was poor for 54. Table 1 page 6 places ref 54 in the independent validation column (Bicalho et al. 2007). Appendix aim for StepMatrix: analyzes gait pressure to detect limp, for lameness diagnosis. Maroto Molina page 3: accelerometers, pressure mats, image analysis, multi sensor systems.","Lameness is also named in the aims of IceTag and IceQube (P016, early detection and warning of lameness) and of five thermal cameras, none of which Stygar validate for lameness; the IceQube references 21 and 26 to 28 are for lying and steps. Cheapest commercial class is the walkover plate, farm_fixed; animal mounted alternatives exist."
I002,none,,,,,not_covered,none,0,dermatitis; claw; hoof; foot lesion,"Keyword scan of the 129 appendix aims: 0 hits for dermatitis, claw or hoof. Maroto Molina do not discuss claw disorders (indicators.csv I002, not_covered).","EFSA Table 17 scores it with the ICAR Claw Health Atlas M stages; section 4.1.2.2 page 32 says lesions are recorded at inspection, functional claw trimming or treatment, a procedure done by a person. No sensor product in the sources."
I003,none,,,,,not_covered,none,0,claw; hoof; lesion,"Keyword scan of the 129 appendix aims: 0 hits for claw, hoof or lesion. Maroto Molina do not discuss it (indicators.csv I003).",As I002.
I004,research_only,,,,,partial,farm_fixed,0,hock; injur; integument; skin; lesion,"Keyword scan: 0 hits. Maroto Molina page 3: sensor systems for detecting integument alterations have not been found in literature, computer vision systems for skin problems in humans could be adapted (indicators.csv I004, partial).","The proposed technology is a camera, so the class of the proposal is farm_fixed. Nothing commercial."
I005,research_only,,,,,partial,farm_fixed,0,knee; hock; injur; integument; skin; lesion,"As I004; EFSA Table 18 lists hock and knee alterations separately, Maroto Molina treat integument alterations as one measure.",As I004.
I006,unsure,appendix:Lely|MQC-C,,"Mastitis detection (Lely on line California mastitis test, 43), Table 2 page 7, commercial farm, lower performance column",43,not_covered,farm_fixed,13,mastitis; udder health; somatic,"Stygar Table 2 page 7 lists Lely on line CMT (43) under Mastitis detection, commercial farm, lower performance column; Table 1 page 6 places 43 in the independent column. HerdInsight (30, Brassel et al. 2019, health disorder alarms) is listed under Health disorder (footnote d: e.g., mastitis or pneumonia) and its appendix aim names heat detection, health and feeding behaviour, not mastitis; under rules factor 1 a health disorder trait is not the same measure as clinical mastitis cases, so 30 does not count for I006. Appendix aims: FirstLook Mastitis system names mastitis identification; ten aims name udder health. Maroto Molina do not discuss clinical mastitis incidence (I006). Why Stygar's Lely on line CMT (43) is the appendix product MQC-C: in stygar_2021_supplementary.xlsx, sheet Appendix table 1, row 91, MQC-C (provider Lely) has sensor type milk quality sensors (conductivity, spectrometer, viscosity), aim milk yield and somatic cell count of each cow every 3 milkings, and validation flag yes. It is the only one of the six Lely rows (Qwes HR-LD, Lely Calm Compact +, Lely Calm Vario +, Cosmix, Astronaut A4, MQC-C) with a validation flag, and its viscosity sensor matches the sensor Table 1 page 6 gives for the Lely on line California mastitis test, a viscosity meter. MQC-C is an inline milk sensor fitted at the milking point, so its class is farm_fixed.","Candidates: validated_commercial, because Stygar validate mastitis detection (study 43) on a commercial farm; none, because the EFSA ABM is the incidence rate of clinical mastitis, not detection. Listed in open_questions.md. Device needed follows the unsure fill of rules.md rule 4.4: the cheapest class among the commercial candidates whose aim states the measurement. The records rule does not apply: EFSA Table 27 (PDF page 43) defines the measure as the incidence rate of clinical mastitis, and vet or farm records appear only in its feasibility line (high, although dependent on availability and accuracy of vet/farm records). The candidates are the 13 products whose aims match the search words, among them Lely MQC-C, the product behind study 43: milk quality sensors (AfiLab, DeLaval DCC and OCC, MQC-C, LIC Protrack SCC, SmartD-TECT Sensor), one installation per parlour (rules.md rule 4.4, milk analysers), and thermal cameras (Agricam CaDDi Mastitis, FirstLook Mastitis system, two Flir rows, Fluke IR FlexCam Pro, Smartis 336, WirisPro), also one device per farm. All are farm_fixed, so the class is farm_fixed. The routine_data class given on 2 October was withdrawn on 3 October (decision_log.md)."
I007,none,,,,,not_covered,routine_data,0,bulk milk; bulk tank,"Keyword scan: 0 aims name bulk milk or bulk tank. The SCC products in the appendix measure single animals or quarters: Lely MQC-C (validated, ref 43) somatic cell count of each cow, LIC Protrack SCC individual somatic cell count, GEA M6850 SCC on each udder quarter; DeLaval OCC and DCC aims say udder health monitoring. That is individual cow SCC, the Welfare Quality measure I057 and the EFSA measure I058, not bulk tank SCC. Maroto Molina do not discuss bulk tank SCC.","EFSA Table 27 page 43 rates bulk milk SCC high feasibility because records are readily available, with low sensitivity; the class comes from the routine_data list in rules.md rule 4.4 (somatic cell count from records), not from the records rule, because EFSA names records only in the feasibility line; that line, records readily available, is the evidence that the value already exists. The class list applies here and not to I006 because it names somatic cell count from records and EFSA calls the bulk milk SCC records readily available; mastitis incidence (I006) is not in the class list, and EFSA calls its records dependent on availability and accuracy of vet/farm records. So the class is routine_data although no PLF product measures the bulk tank."
I008,validated_commercial,P004 P013 appendix:ITIN-HOCH|RumiWatch appendix:FCCx IceRobotics|IceTag,CowManager|Cow Manager; FCCx IceRobotics|IceTag; ITIN-HOCH|RumiWatch; Gea|CowScout S,"Active behavior (walking, no. of steps), Table 2 page 7, research and commercial farms, lower performance column for every product listed",17 39 40 28 38 27 26,not_covered,animal_mounted,39,step; activity; walking,"Stygar Table 2 page 7, Active behavior (walking, no. of steps): every entry sits in the lower performance column, research farms CowManager SensOor (17, 39, 40), IceTag (28), Lely activity (42), RumiWatch (38), commercial farms CowScout Leg (27), IceTag (26, 27); page 6 text: for active behavior, lower performance of tools was reported. Table 1 page 6 columns: 39, 40, 28 and 26 independent; 17 and 38 self; on the IceTag row 21 and 26 to 28 sit in the independent column while the supplementary table codes 27 (Nielsen 2018) self, and on the CowScout Leg row 27 sits in the self column, so for P013 both sources agree on self. Appendix aims naming steps or walking: IceTag, IceQube, CowScout S.","The keyword activity matches 39 aims. 28 of them name heat detection, and five are rumen boluses (eBolus, Moow Rumen bolus, smaXtec basic, smaXtec premium, VitalHerd). Only IceTag's aim names steps, and only IceTag, IceQube and CowScout S name walking; with the keywords step; walking the count would be 3. The count is reported as is and the keywords are visible. EFSA Table 31 rates on farm feasibility low; the appendix shows the opposite for the market. Table 1 also lists Lely activity (42, Elischer 2013, independent) but no appendix row is named Lely activity and no Lely row other than MQC-C carries a validation flag, so ref 42 is not attached to a product here. RumiWatch is not in products.csv and is cited as an appendix product. IceTag is its own appendix row, separate from IceQube and CowAlert (P016), and is cited as an appendix product for the references Table 2 places against it. CowAlert IceQube (P016) names walking in its appendix aim, but Table 2 page 7 does not list it under Active behavior, so it is not among the products behind this grade."
I009,unsure,P016 P013 appendix:FCCx IceRobotics|IceTag,,"Active behavior (walking, no. of steps), Table 2 page 7",28 26 27,not_covered,animal_mounted,3,distance; walking,"Stygar validate walking as number of steps, not distance walked. Appendix aims name walking for IceTag, IceQube and CowScout S; 0 aims name distance. Maroto Molina do not discuss walking distance (I009).","Candidates: commercial_unvalidated, walking is named in three aims and distance follows from steps and stride length; none, no product states distance. Listed in open_questions.md. Device needed given for the candidate products, leg and collar accelerometers, per the unsure fill in rules.md rule 4.4. IceTag is its own appendix row, separate from IceQube and CowAlert (P016), and is cited as an appendix product for the references Table 2 places against it."
I010,none,,,,,not_covered,none,0,speed; velocity,Keyword scan: 0 aims name speed or velocity. Maroto Molina do not discuss speed (I010).,"Eight appendix products carry GPS in their sensor type (eSheperd, Digitanimal, Lotek, Sensolus RDS Futureline MAX, Cattlewatch, Pellegro Livestock, Tellus Livestock, Ceres Tag); their aims name positioning, location or a virtual fence, not speed; speed is derivable but no aim states it, and location tracking is a different measure."
I011,research_only,,,,,partial,farm_fixed,0,social; aggress; agonist; interaction,"Keyword scan of the 129 appendix aims: 0 hits for social, aggress, agonist or interaction. Maroto Molina page 3: social behaviour has not been a priority topic for PLF researchers; top view cameras in the waiting area of automated milking systems with machine learning detect head pressing and body pushing (Guzhva et al. 2016); proximity loggers and location solutions have been used to characterise social network structure.","Nothing commercial. Of the technologies proposed the fixed camera is the cheaper class, farm_fixed; proximity loggers are animal mounted. EFSA Table 32 page 53 rates feasibility low."
I012,validated_commercial,"P001 P016 P004 P013 appendix:ENGS, Rosh Pina, Israel|Track a))) Cow appendix:ITIN-HOCH|RumiWatch appendix:Dairy master|MooMonitor + appendix:FCCx IceRobotics|IceTag","Afimilk|AfiAct II; FCCx IceRobotics|IceQube, cowAlert; CowManager|Cow Manager; ENGS, Rosh Pina, Israel|Track a))) Cow; ITIN-HOCH|RumiWatch; Dairy master|MooMonitor +; Gea|CowScout S; FCCx IceRobotics|IceTag","Non-active behavior (lying, lying and standing), Table 2 page 7: high performance column for AfiAct Pedometer Plus (21), AfiTagII (22), CowAlert IceQube (21), CowManager SensOor (17, 39), Track A Cow (21) and RumiWatch (38) on research farms and for CowScout Leg (27) and Ice Tag (26, 27) on commercial farms; lower performance column for CowManager SensOor (40), MooMonitor+ (18) and Pedometer Plus (23) on research farms",21 22 23 17 39 40 26 27 38 18,partial,animal_mounted,7,lying; rest,"Stygar Table 2 page 7, Non-active behavior (lying, lying and standing): high performance on research farms for AfiAct Pedometer Plus (21), AfiTagII (22), CowAlert IceQube (21), CowManager SensOor (17, 39), Track A Cow (21) and RumiWatch (38), and on commercial farms for CowScout Leg (27), IceTag (26, 27) and a prototype (59); lower performance for CowManager SensOor (40), Lely activity (42), MooMonitor+ (18) and Pedometer Plus (23). Supplementary study table: 21, 22, 23, 26, 39, 40 and 18 are external independent validation; 17, 27 and 38 external self validation. Maroto Molina page 3: pedometers and accelerometers provide data on lying time and lying bouts.","Non active behaviour is the trait Stygar report as most often validated, 20 trials. EFSA Table 33 page 54 rates on farm feasibility low because validated activity monitors are not widely available. The appendix product AfiAct II (P001) corresponds to the Table 1 row AfiAct Pedometer Plus, AfiTagII, Pedometer Plus. Lely activity (42) has no appendix row and is not cited as a product. Track A Cow, RumiWatch and MooMonitor+ are not in products.csv and are cited as appendix products. IceTag is its own appendix row, separate from IceQube and CowAlert (P016), and is cited as an appendix product for the references Table 2 places against it. Stygar's trait pools lying with lying and standing, and Table 2 page 7 does not say which trial measured lying alone; the decision_log entry of 29 September maps the trait to lying time (rules.md rule 4.2)."
I013,unsure,P001 P016 P004 P013 P017 appendix:FCCx IceRobotics|IceTag,,"Non-active behavior (lying, lying and standing), Table 2 page 7",,partial,animal_mounted,6,bout; lying,"Stygar's validated trait is non active behavior (lying, lying and standing); Table 2 page 7 does not list frequency of lying bouts as a trait. Keyword scan: 0 aims name bout; 6 aims name lying (AfiAct II, Cow Manager, IceTag, IceQube and cowAlert, CowScout S, Smartbow). Maroto Molina page 3: pedometers or accelerometers have been used for monitoring lying behaviour, and these solutions can provide data on lying time and lying bouts.","Candidates: commercial_unvalidated, because six aims name lying behaviour and Maroto Molina say pedometers and accelerometers can provide lying bouts; validated_commercial, if the lying validations are taken to cover bouts, which Table 2 does not say; none, because no aim states bouts. Listed in open_questions.md. Device needed from the candidate products per the unsure fill in rules.md rule 4.4. The breadth count comes from the keyword lying: the six products listed, which are the I012 set without MooMonitor+, whose aim matches rest and not lying."
I014,research_only,,,,,partial,farm_fixed,0,lie down; lying down; posture,"Keyword scan: 0 hits. Maroto Molina page 3: no references to sensor systems enabling the measurement of time needed to lie down, collisions with equipment or cow positioning in the resting area were found; computer vision systems detecting cows at cubicles (Porto et al. 2013) or monitoring cow posture (Cangar et al. 2008) could be used for these purposes.","The proposed technology is a camera, farm_fixed. Nothing commercial. EFSA Table 33 defines the measure citing Welfare Quality."
I015,none,,,,,not_covered,none,0,getting up; rising; stand up,"Keyword scan: 0 hits. Maroto Molina discuss lying down, collisions and positioning on page 3, not the getting up movement (indicators.csv I015, not_covered).",EFSA Table 33 page 54 lists it as an ABM scored by observation.
I016,none,,,,,not_covered,none,0,synchron,Keyword scan: 0 hits. Maroto Molina do not discuss lying synchronisation (indicators.csv I016).,EFSA Table 33 page 54.
I017,none,,,,,not_covered,none,0,groom; lick; scratch,Keyword scan: 0 hits. Maroto Molina do not discuss self grooming (indicators.csv I017).,"EFSA Table 42 page 70 rates feasibility low, direct observation."
I018,none,,,,,not_covered,none,0,brush,Keyword scan: 0 hits. Maroto Molina do not discuss brush use (indicators.csv I018).,"EFSA Table 42 page 70 says brush use can also be detected through sensors but calls the reliability questionable, citing Toaff-Rosenstein et al. 2017. That is outside the two sensor sources the grade rule reads from, so the grade stays none and the EFSA remark is recorded here."
I019,research_only,,,,,partial,animal_mounted,0,groom; social; proximity,"Keyword scan: 0 hits. Maroto Molina page 3: proximity loggers and location solutions have been used to characterise the social network structure of dairy herds, detecting positive social behaviours such as grooming (Boyland et al. 2016).","The technologies named are proximity loggers and location solutions, both worn by the animal, animal_mounted. Nothing commercial for grooming: no appendix aim names grooming, social behaviour or proximity. Location is named in four appendix aims (GEA CowView, CowManager, Boumatic Real Time + RL, Sensolus RDS Futureline MAX), and positioning in six more (Cattlewatch, Pellegro Livestock, Tellus Livestock, Ceres Tag, Digitanimal, Lotek). All ten are worn by the animal, as collars or ear tags."
I020,unsure,appendix:Afimilk|AfiMilk MPC,,,,not_covered,routine_data,1,ketosis; ketone,"Keyword scan: 1 aim names ketosis, Afimilk AfiMilk MPC, milk quality sensor (spectrometer), aim Ketosis and SARA detection, no validation flag in the appendix. Stygar Table 2 lists no ketosis trait. Maroto Molina do not discuss ketosis (indicators.csv I020).","Candidates: commercial_unvalidated, a product states ketosis detection; none, the EFSA ABM is the incidence rate of clinical cases from veterinary or farm records, not detection. Same question as I006. Listed in open_questions.md. Device needed routine_data under the records rule (rules.md rule 4.4, first written in version 0.1.3, applied to unsure rows since version 0.2): EFSA Table 46 (PDF page 75) defines the ABM as the incidence rate of clinical ketosis estimated from veterinary diagnoses, farm records or national databases. The added device alternative is the candidate product AfiMilk MPC, an inline milk analyser (spectrometer) installed in the parlour, farm_fixed. The appendix aim dates from 2021 and has not been re-verified; the row follows the appendix as the rule requires."
I021,validated_commercial,appendix:Afimilk|AfiLab,Afimilk|AfiLab,"Milk quality (fat, lactose and protein), Table 2 page 7, research farm, lower performance column",25,not_covered,routine_data,2,milk composition; fat; protein,"EFSA Table 46 page 75 defines the ABM as the individual milk fat to protein ratio or early lactation fat percentage monitored at routine milk recording. Stygar Table 2 page 7 lists AfiLab real time milk analyzer (25) under Milk quality, research farm, lower performance column; footnote e reads fat, lactose and protein as indicator for mastitis. Ref 25, Kaniyamattam and De Vries, agreement between milk fat, protein and lactose observations from DHIA and a real time milk analyzer, coded external independent validation in the supplementary study table. Appendix row AfiLab: milk quality sensors (spectrometer), aim milk composition analysis, monitoring general health and udder health, validation flag yes.","The measure is the same, individual cow milk fat and protein; Stygar record its validation as an indicator for mastitis, so the purpose differs and the note says so. The EFSA definition takes the value at routine milk recording, which the farm already has, so the class is routine_data under the records rule (rules.md rule 4.4, version 0.1.3); the inline analyser is the added device alternative, farm_fixed. Keyword fat and protein return 0 aims because the appendix describes these products as milk composition analysis."
I022,commercial_unvalidated,P012,,,,not_covered,farm_fixed,1,bhb; ketone; hydroxybutyrate,"EFSA Table 46 page 75: individual cow beta hydroxybutyrate levels (blood sample) or ketones (milk or urine samples). Appendix row Herd Navigator (P012): milk quality sensors (spectrometer/biochemical test), aim analysis of individual progesterone, LDH and BHB levels in milk for health and heat measurement, every milking, no validation flag. Stygar Table 2 lists no BHB or ketone trait. Maroto Molina do not discuss it.","BHB in milk falls inside the EFSA definition, which names milk samples. Herd Navigator is an inline analyser, farm_fixed; the blood sample route is sample_or_procedure, the lowest class in the rank. One aim names BHB."
I023,validated_commercial,P009,DeLaval|DeLaval BCS,"Body condition scoring, Table 2 page 7, commercial farm, lower performance column",48,yes,farm_fixed,3,body condition; bcs,"Stygar Table 2 page 7 lists DeLaval Body condition scoring (48) under Body condition scoring, commercial farm, lower performance column; Table 1 page 6 places ref 48 in the independent column; ref 48 Mullins et al. 2019, validation of a commercial automated body condition scoring system, external independent validation in the supplementary table. Appendix row DeLaval BCS: camera (3D), automatic body condition scoring, flag yes. Maroto Molina page 2: the DeLaval BCS camera assigns a 5 point scale in 0.1 steps and Rachah et al. 2018 found errors of minor importance for Welfare Quality. EFSA Table 46 page 75 defines the ABM on a 1 to 5 scale citing Welfare Quality 2009.","Three aims name body condition: DeLaval BCS and LIC Protrack BCS are 3D cameras, farm_fixed; Bayer Cowdition is listed in the Stygar appendix (sheet1 row 14) with sensor type mobile app and aim scoring of dairy cows' body condition; the appendix does not say who or what does the scoring. The Welfare Quality protocol scores 0, 1 or 2 while EFSA cites a 1 to 5 scale; the scales differ, recorded on the indicator row."
I024,none,,,,,not_covered,routine_data,0,abomas; displac,"Keyword scan: 0 aims name abomasum or displacement. Stygar Table 2 lists no such trait. Maroto Molina do not discuss it. EFSA Table 46 page 75 defines the ABM as the incidence rate from veterinary diagnoses, farm records or national databases.","No product, so the detection versus incidence question does not arise here. Device needed routine_data under the records rule (rules.md rule 4.4, version 0.1.3): EFSA Table 46 (PDF page 75) takes the incidence rate of left displaced abomasum from veterinary diagnoses, farm records or national databases, so the value exists with no added device. No added device is named by Stygar or Maroto Molina."
I025,validated_commercial,appendix:Afimilk|AfiLab,Afimilk|AfiLab,"Milk quality (fat, lactose and protein), Table 2 page 7, research farm, lower performance column",25,not_covered,routine_data,2,milk composition; fat; protein,"EFSA Table 46 page 76 defines the ABM as individual milk fat percentage and fat to protein ratio monitored at routine milk recording, as a sign of subacute ruminal acidosis. The same milk constituents as I021, measured by the same validated analyser: AfiLab (25), Stygar Table 2 page 7, Milk quality, research farm, lower performance column; ref 25 external independent validation.","Same evidence as I021; the indicator differs only in which disorder the constituents point to. AfiMilk MPC states ketosis and SARA detection in its aim with no validation flag and is not needed for the grade. Class routine_data under the records rule (rules.md rule 4.4, version 0.1.3); the inline analyser AfiLab, farm_fixed, is the added device alternative."
I026,none,,,,,not_covered,sample_or_procedure,0,rumenocentesis,"EFSA Table 46 page 76: acidity of the liquid rumen content obtained through puncture of the rumen, rated low feasibility as too invasive for routine monitoring. Keyword scan: 0 aims. Stygar Table 2 lists rumen pH only by bolus. Maroto Molina do not discuss it.","The indicator is defined by the procedure, so no sensor product can measure it as defined; the bolus route is I027. Class sample_or_procedure because the method named in the indicator is a puncture."
I027,validated_commercial,P008 appendix:Fofia|ET912 Fofia appendix:Moow|Moow Rumen bolus appendix:Smaxtec|smaXtec basic appendix:VitalHerd|VitalHerd,eCow UK|eBolus,"Rumen pH, Table 2 page 7, research farm, lower performance column",50 51,not_covered,animal_mounted,5,"rumen ph; ph,","Stygar Table 2 page 7 lists eCow bolus (50, 51) and KB 3/04 bolus (52) under Rumen pH, research farm, lower performance column. Table 1 page 6 places refs 50 and 51 in the independent column; supplementary table codes 50 Neubauer et al. 2018 and 51 Falk et al. 2016 external independent validation. Appendix row eBolus (eCow UK): bolus, measures activity, pH and temperature in rumen, flag yes. Four further aims name pH in the rumen without a validation flag (Fofia ET912, Moow Rumen bolus, smaXtec basic, VitalHerd) and two name rumen acidosis monitoring (4i WellCow Bolus, Moonsyst Smart rumen bolus). EFSA Table 46, PDF page 76, defines the ABM in full as: ""Rumen pH can be continually measured by a bolus inserted into the reticulum via a rumen cannula. A bolus pH lower than or equal to 6 is considered as a sign of subacute ruminal acidosis (Neubauer et al., 2018)"". Neubauer et al. 2018 is the same study as Stygar ref 50. A rumen cannula is a surgically made opening into the cow's rumen, part of its stomach, so EFSA's definition describes a bolus placed through that opening. Stygar page 4 notes that the smallest validation trials, below 10 animals, were those on cannulated cows, for example bolus validation (study 52).","EFSA rates on farm feasibility low, the technology relatively expensive and requiring additional validation. P007 smaXtec premium is not cited: its appendix aim is activity and temperature, not pH; the pH claim belongs to smaXtec basic. KB 3/04 (Kahne) has no matching appendix row found and is not cited as a product. 4i WellCow Bolus and Moonsyst Smart rumen bolus state rumen acidosis monitoring in their aims, which names the condition, not the pH measurement, so neither is counted in vendors naming it; the same reading as AfiMilk MPC on I025 and the detection aims on I039."
I028,none,,,,,not_covered,routine_data,0,calcium; hypocal; milk fever,"Keyword scan: 0 aims. Stygar Table 2 lists no such trait. Maroto Molina do not discuss it. EFSA Table 46 page 76 defines the ABM as the incidence rate of clinical hypocalcaemia from veterinary diagnoses, farm records or national databases.","Device needed routine_data under the records rule (rules.md rule 4.4, version 0.1.3): EFSA Table 46 (PDF page 76) takes the incidence rate of clinical hypocalcaemia from veterinary diagnoses, farm records or national databases, so the value exists with no added device. No added device is named by Stygar or Maroto Molina."
I029,none,,,,,not_covered,routine_data,0,calcium; hypocal; milk fever,"Keyword scan: 0 aims. Stygar Table 2 lists no such trait. Maroto Molina do not discuss it. EFSA Table 46 page 76 defines the ABM as the incidence rate from veterinary diagnoses, farm records or national databases, with low sensitivity and specificity because cow side diagnosis is difficult.","Device needed routine_data under the records rule (rules.md rule 4.4, version 0.1.3): EFSA Table 46 (PDF page 76) takes the incidence rate of subclinical hypocalcaemia from veterinary diagnoses, farm records or national databases, so the value exists with no added device. No added device is named by Stygar or Maroto Molina."
I030,research_only,,,,,partial,farm_fixed,0,water point; water provision; trough,"Maroto Molina page 2: monitoring the number and status of water points has no relevance from a PLF perspective, since water consumption of every cow can be measured by a combination of RFID and flowmeters (Cardot et al. 2008), or indirectly by reticular temperature boluses. The Welfare Quality measure is the provision of water points, a resource measure, so this is a substitute measure and the grade is research_only under rules.md rule 4.2. Stygar Table 2 page 7 lists Insentec (45) under Water intake, research farm, high performance column; ref 45 Chapinal et al. 2007, external independent validation; the appendix row is Hokofarm Group RIC (Insentec, now Hokofarm), load cells and RFID, aim measures individual feed and water intake, flag yes.","The substitute measure, individual water intake, has a validated commercial product, which the grade rule does not credit because the indicator as defined is the water point, not the intake. Recorded so the write up can say it. Class from the technology, a trough with RFID and flowmeter or load cells, farm_fixed. The keyword water alone matches one aim, Hokofarm RIC, whose aim is individual feed and water intake, the substitute measure, so it is not counted in vendors naming it, the same as on I031. Other technologies Maroto Molina (page 2) name for water intake: reticular temperature boluses, which they say would need data from weather stations or thermometers in water troughs because the rumen temperature drop is correlated to water temperature, and indoor radio based location (CowView, which they describe as commercialised by GEA). Both are animal_mounted. Their appendix rows (the bolus products; CowView, accelerometer collar, aim animal location) have aims that do not state water intake, so they do not set the class."
I031,research_only,,,,,partial,farm_fixed,0,turbid; water quality; water cleanliness,"Welfare Quality PDF page 24 (printed 23): a resource based measure; the assessor checks the inner side of the bowl or trough for old or fresh dirt and staining of the water; clean when there is no evidence of crusts of dirt or decayed food residues. Maroto Molina page 2: as regards water quality, there are turbidity sensors able to measure water cleanliness, but it could be assumed to be adequate if water intake is normal. Keyword scan: 0 aims name turbidity, water quality or water cleanliness. Stygar Table 2 page 7 lists no such trait; page 10: regarding the thirst criterion only resource based indicators are evaluated.","The technology named is a turbidity sensor in the water point, farm_fixed; nothing commercial in the appendix. The keyword water alone matches one aim, Hokofarm RIC, which measures water intake, not cleanliness, so it is not used. Maroto Molina's alternative, assuming cleanliness from normal intake, is an inference, not a measurement, and is not graded."
I032,research_only,,,,,partial,farm_fixed,0,water flow; flowmeter,"Welfare Quality PDF page 25 (printed 24): a resource based measure; the flow per water point is checked by collecting the overflow for one minute, sufficient at 10 L/min for a bowl and 20 L/min for a trough. Maroto Molina page 2: from a PLF perspective, monitoring the number and status of water points has no relevance, as it is possible to actually measure water consumption of every cow; a combination of RFID and flowmeters could provide these data (Cardot et al. 2008). That is a substitute measure, water intake per cow, so the grade is research_only under factor 1. Stygar Table 2 page 7 lists Water intake, Insentec (45), research farm, high performance column; ref 45 Chapinal et al. 2007, external independent validation in the supplementary study table; the appendix row is Hokofarm Group RIC, load cells and RFID, aim measures individual feed and water intake, flag yes. Stygar page 10: regarding the thirst criterion only resource based indicators are evaluated, so PLF technologies can provide additional single animal level information. Keyword scan: 0 aims name water flow or a flowmeter.","Same reading as I030: the substitute measure, individual water intake, has a validated commercial product, which the grade rule does not credit because the measure as defined is the water point, not the intake. Class from the technology proposed, a flowmeter with RFID at the trough, farm_fixed. Other technologies Maroto Molina (page 2) name for water intake: reticular temperature boluses, which they say would need data from weather stations or thermometers in water troughs because the rumen temperature drop is correlated to water temperature, and indoor radio based location (CowView, which they describe as commercialised by GEA). Both are animal_mounted. Their appendix rows (the bolus products; CowView, accelerometer collar, aim animal location) have aims that do not state water intake, so they do not set the class."
I033,research_only,,,,,partial,farm_fixed,0,drinker; water point,"Welfare Quality PDF page 25 (printed 24): a resource based measure; the assessor checks that drinkers work correctly, that levers are movable and water flows when moved; scored 0 working correctly, 2 malfunctioning. Maroto Molina page 2: from a PLF perspective, monitoring the number and status of water points has no relevance, as it is possible to actually measure water consumption of every cow; a combination of RFID and flowmeters could provide these data (Cardot et al. 2008). That is a substitute measure, water intake per cow, so the grade is research_only under factor 1. Stygar Table 2 page 7 lists Water intake, Insentec (45), research farm, high performance column; ref 45 Chapinal et al. 2007, external independent validation in the supplementary study table; the appendix row is Hokofarm Group RIC, load cells and RFID, aim measures individual feed and water intake, flag yes. Stygar page 10: regarding the thirst criterion only resource based indicators are evaluated, so PLF technologies can provide additional single animal level information. Keyword scan: 0 aims name a drinker or a water point.","Same reading as I030: the substitute measure, individual water intake, has a validated commercial product, which the grade rule does not credit because the measure as defined is the water point, not the intake. Class from the technology proposed, a flowmeter with RFID at the trough, farm_fixed. Other technologies Maroto Molina (page 2) name for water intake: reticular temperature boluses, which they say would need data from weather stations or thermometers in water troughs because the rumen temperature drop is correlated to water temperature, and indoor radio based location (CowView, which they describe as commercialised by GEA). Both are animal_mounted. Their appendix rows (the bolus products; CowView, accelerometer collar, aim animal location) have aims that do not state water intake, so they do not set the class."
I034,research_only,,,,,partial,farm_fixed,0,collid; posture; lying down,"Welfare Quality PDF page 26 (printed 25): an animal based measure; a collision occurs when, during lying down, the cow collides with or contacts housing equipment with any part of the body, obviously seen or heard. Maroto Molina page 3: no references to sensor systems enabling the measurement of time needed to lie down, collisions with equipment or cow positioning in the resting area were found; there are some computer vision based systems aimed at detecting cows at cubicles (Porto et al. 2013) or monitoring cow posture (Cangar et al. 2008), which could be used for these purposes. Keyword scan: 0 aims name collisions, posture or lying down. Stygar Table 2 page 7 lists no such trait; page 10 names this measure among the animal based comfort around resting indicators and says measuring the activities and physical state of animals with PLF technologies can provide a more accurate assessment at an individual level, without naming a technology for it.","Same passage and same reading as I014: the proposed technology is a camera, farm_fixed; nothing commercial."
I035,research_only,,,,,partial,farm_fixed,0,cubicle; lying area; resting area,"Welfare Quality PDF pages 26 to 27 (printed 25 to 26): an animal based measure; the percentage of animals lying partly or completely outside the lying area out of all lying animals. Maroto Molina page 3: no references to sensor systems enabling the measurement of time needed to lie down, collisions with equipment or cow positioning in the resting area were found; there are some computer vision based systems aimed at detecting cows at cubicles (Porto et al. 2013) or monitoring cow posture (Cangar et al. 2008), which could be used for these purposes. Keyword scan: 0 aims name cubicles, the lying area or the resting area. Stygar Table 2 page 7 lists no such trait; page 10 names this measure among the animal based comfort around resting indicators and says measuring the activities and physical state of animals with PLF technologies can provide a more accurate assessment at an individual level, without naming a technology for it.","The proposed technology is a camera detecting cows at cubicles, farm_fixed; nothing commercial. Smartbow's appendix row names indoor location in its sensor type and lying behaviour in its aim, neither of which is position relative to the lying area, so it is not cited."
I036,research_only,,,,,partial,farm_fixed,0,dirt; hygiene; cleanliness,"Welfare Quality PDF page 27 (printed 26): an animal based measure; cleanliness is the degree of dirt on the body part, splashing or plaques; the udder scores 0 for no dirt or minor splashing other than on teats and 2 for distinct plaques of dirt or any dirt on and around the teats. Maroto Molina page 3: regarding cow dirtiness, no automatic monitoring systems were found in the literature, but image analysis systems could be used for that; technologies developed to monitor faeces in carcasses (Windham et al. 2003; Seo et al. 2019) could be adapted to evaluate cow dirtiness. Keyword scan: 0 aims name dirt, hygiene or cleanliness. Stygar Table 2 page 7 lists no such trait; page 10: to the best knowledge of the authors there are currently no available technologies able to assess the cleanliness of animals, though rapid development in vision based monitoring for individual identification could prompt algorithms for it.","The proposed technology is a camera, farm_fixed; nothing commercial. The keyword clean alone matches one aim, Cainthus Alus Nutrition, whose aim reads monitors events like feed deliveries, push-ups and clean-outs, feed events, so it is not used. The technology Maroto Molina cite comes from carcass inspection, not live cows, as their text says."
I037,research_only,,,,,partial,farm_fixed,0,dirt; hygiene; cleanliness,"Welfare Quality PDF page 27 (printed 26): an animal based measure scored on the hind quarters, upper hind leg, flank and rear view including tail, excluding udder; 0 for no dirt or minor splashing, 2 for separate or continuous plaques of dirt. Maroto Molina page 3: regarding cow dirtiness, no automatic monitoring systems were found in the literature, but image analysis systems could be used for that; technologies developed to monitor faeces in carcasses (Windham et al. 2003; Seo et al. 2019) could be adapted to evaluate cow dirtiness. Keyword scan: 0 aims name dirt, hygiene or cleanliness. Stygar Table 2 page 7 lists no such trait; page 10: to the best knowledge of the authors there are currently no available technologies able to assess the cleanliness of animals, though rapid development in vision based monitoring for individual identification could prompt algorithms for it.","The proposed technology is a camera, farm_fixed; nothing commercial. The keyword clean alone matches one aim, Cainthus Alus Nutrition, whose aim reads monitors events like feed deliveries, push-ups and clean-outs, feed events, so it is not used. The technology Maroto Molina cite comes from carcass inspection, not live cows, as their text says."
I038,research_only,,,,,partial,farm_fixed,0,dirt; hygiene; cleanliness,"Welfare Quality PDF page 27 (printed 26): an animal based measure scored on the lower hind legs including the hock; 0 for no dirt or minor splashing, 2 for separate or continuous plaques of dirt above the coronary band. Maroto Molina page 3: regarding cow dirtiness, no automatic monitoring systems were found in the literature, but image analysis systems could be used for that; technologies developed to monitor faeces in carcasses (Windham et al. 2003; Seo et al. 2019) could be adapted to evaluate cow dirtiness. Keyword scan: 0 aims name dirt, hygiene or cleanliness. Stygar Table 2 page 7 lists no such trait; page 10: to the best knowledge of the authors there are currently no available technologies able to assess the cleanliness of animals, though rapid development in vision based monitoring for individual identification could prompt algorithms for it.","The proposed technology is a camera, farm_fixed; nothing commercial. The keyword clean alone matches one aim, Cainthus Alus Nutrition, whose aim reads monitors events like feed deliveries, push-ups and clean-outs, feed events, so it is not used. The technology Maroto Molina cite comes from carcass inspection, not live cows, as their text says."
I039,unsure,,,,,yes,animal_mounted,0,heat stress; thermal comfort; humidity; weather,"Welfare Quality PDF page 28 (printed 27), section 5.1.2.2 Thermal comfort: as yet, no measure is developed. Maroto Molina page 3: no measures have been defined for this criterion, but it can be easily automatised; weather stations calculating the temperature humidity index have been available for a long time and are used by commercial farms; heat stress can be indirectly detected through cow activity monitoring systems (Abeni and Galli 2017) or reticular boluses (Bewley and Schutz 2010). Stygar Table 2 page 7 lists Body temperature, KB 3/04 bolus (52) and OPTRIS (55), research farm, lower performance column; Table 1 page 6 places both under the independent column; ref 52 Lohoelter et al., a device for continuous measurement of rumen pH and temperature; ref 55 Hoffmann et al., body temperature of cows and calves from an infrared thermography camera, external independent validation in the supplementary study table. Keyword scan: 0 aims name heat stress, thermal comfort, humidity or a weather station; 10 aims name temperature, all rumen or body temperature (boluses from Agrismart, eCow, Moow, NFC Active Herd, SmartStock, smaXtec basic, smaXtec premium and VitalHerd; the Ceres Tag ear tag; the Digitanimal GPS collar). Stygar page 10: thermal comfort can be assessed on an individual basis by application of invasive (boluses) and non invasive sensors (thermal cameras); both options are available on the market, with a clear shortage of validation studies for monitoring systems based on those sensors. The appendix has seven thermal camera rows (Agricam CaDDi Mastitis, EIO Diagnostics FirstLook, two Flir rows, Fluke IR FlexCam Pro, Workswell Smartis 336 and WirisPro, provider spelt Workshell in the appendix) whose aims name udder health, mastitis, inflammation, fever or lameness, not thermal comfort.","The grade rule asks whether a product measures the indicator, and this row has no measure, so the rule does not settle it. Candidates: research_only, since Maroto Molina name technologies for a criterion the protocol leaves undefined and the weather station is not in the appendix; commercial_unvalidated, if rumen or body temperature is taken as the measure, since 10 appendix aims name it; validated_commercial is not available on that reading because KB 3/04 and Optris have no appendix row. Listed in open_questions.md; the missing rule is how to grade a criterion with no measure. Device needed per the unsure rule from the cheapest commercial candidate, where commercial means an appendix product whose aim states the candidate measurement (rules.md rule 4.4, version 0.1.4): the 10 products whose aims name temperature are boluses, ear tags and a collar, all animal_mounted, so animal_mounted. The thermal cameras Stygar page 10 name for thermal comfort do not count, because their appendix aims name udder health, mastitis, inflammation, fever or lameness; a farm_fixed reading would need one whose aim states temperature or thermal comfort. Five of those aims name fever, which is a raised body temperature; the row reads a detection aim as not stating the measure, the literal reading that is one of the two candidates on I006 and I020 (both of which still count detection aims in vendors_naming_it), and a reader may challenge it. The weather station Maroto Molina say commercial farms use is not in the appendix and does not set the class."
I040,research_only,,,,,partial,animal_mounted,0,tether; tie stall; tie-stall; loose hous,"Welfare Quality PDF page 29 (printed 28): a resource based measure at herd level; the assessor checks whether the farm has a tie stall or a loose housing system, scored 0 loose housing, 2 tie stall. Maroto Molina page 3: ease of movement is measured as presence of tethering and access to an outdoor loafing area or pasture; these measures could be substituted by, respectively, indoor and outdoor location monitoring systems; indoor location systems are generally based on RFID (CowView), Bluetooth (Togersen et al. 2010) or ultrawideband (Pastell et al. 2018), although image processing can be used for this purpose too (Dao et al. 2015). A substitute measure, so research_only under factor 1. Keyword scan: 0 aims name tethering, tie stalls or loose housing; 4 aims name location (Boumatic Real Time + RL, CowManager, GEA CowView, Sensolus RDS Futureline MAX); Smartbow names indoor location in its sensor type and Taggle radiolocation in its name, not in the aim, so neither is counted. Stygar Table 2 page 7 lists no location trait; page 10 names presence of tethering as a management based indicator of the good housing principle.","As on I030, I032 and I033, the substitute measure has commercial products, GEA CowView among them, which the grade does not credit because the measure is the housing system, not where the cow is. Class: among the technologies proposed the cheapest class with a commercial product is the collar (CowView, appendix aim animal location), animal_mounted; the camera alternative has no appendix product for this purpose."
